0.12275,1.0635,-0.16761
-0.61032,-0.90939,-0.57191
0.22179,1.5077,0.97368
-0.051681,1.1761,0.10016
0.19385,-1.1862,-1.0064
0.63199,-0.24301,3.4463
0.48414,0.69702,1.6476
0.081746,1.4788,-0.16033
-0.089434,-0.79665,-0.19271
-0.29752,-0.57156,-0.32206
0.28913,-3.3537,0.35422
-0.52919,0.97266,-1.2616
0.35357,-0.030852,0.065107
0.84655,0.32909,1.1321
-1.1334,0.11285,-2.08
-0.12087,-0.06155,0.49141
-0.10976,1.1123,-0.22902
0.57555,0.83879,-0.16393
0.65712,-0.22161,1.239
0.53395,-0.15145,-0.9769
0.1693,0.17159,-1.2181
-0.096708,1.2127,-1.9399
0.069776,-0.5294,-0.33828
0.13941,-0.010051,-0.47555
-0.118,0.080354,-0.37523
-0.71024,-1.0799,-0.96151
-0.32667,0.030431,-0.13813
0.75688,-0.29465,0.5877
0.7615,0.92161,1.3354
0.10371,-0.28264,0.20387
-0.087216,0.070692,-2.4743
0.28403,0.36306,0.31267
-0.14054,-0.26207,1.7876
-0.085792,-0.59718,0.13618
-0.357,-0.78479,-1.6813
-0.12549,-0.84263,0.58648
-3.5343,-3.0913,-4.2155
0.55455,-1.0916,1.0706
-0.25978,-0.72347,-0.28439
-1.1468,-1.4959,-1.1818
-0.94522,0.99608,-0.75938
1.5375,2.1444,1.0112
-0.24683,0.14914,-0.79362
0.71013,-1.0057,-1.0559
0.067739,0.30063,-0.10985
0.26767,0.88584,0.54813
-2.0579,-1.4988,-2.659
0.66689,1.1262,2.5131
0.3677,-0.33121,-0.43893
-0.38357,-0.2142,0.18311
1.0836,0.7904,1.8129
0.63135,0.54112,0.035942
1.6937,0.90598,2.4132
-0.034848,-0.17844,-0.88043
0.10938,-0.16823,-0.88827
0.096743,-0.031588,0.71126
-0.62036,-0.28462,-1.7877
-0.79977,-0.49738,-0.28905
0.37327,0.32835,0.39719
-0.11747,-0.32835,0.43154
0.25937,1.0028,-0.46755
0.92373,0.93045,0.46755
0.11122,0.11442,2.2353
0.30453,0.32167,0.1753
0.058855,0.10354,0.070031
0.26132,-0.16572,-0.59682
-0.65945,-1.3569,-1.0264
0.61871,0.53449,1.5181
0.34819,-0.7765,0.24498
1.0599,1.3082,0.41855
0.2143,0.97258,0.41682
0.069295,-2.4178,-0.87034
-0.12028,-0.53941,0.31418
0.92181,0.30709,1.1437
-0.23066,0.66388,-0.83044
-0.035121,3.387,0.034755
1.0088,2.9709,0.69227
-0.078272,-0.55342,0.37872
-0.012051,0.26724,3.4451
-0.78617,1.0227,-0.59937
0.26477,0.93483,1.5248
0.64516,-0.92505,0.68837
0.43158,0.56579,1.1692
0.21476,0.15551,-1.3327
0.25604,0.19407,0.48963
-0.11667,0.51442,0.13015
0.32182,1.0497,0.097517
-1.4055,0.28702,-0.6519
0.95953,1.2342,1.0086
-0.17946,-0.38759,0.25868
-0.13048,-0.70344,0.097111
0.85895,0.9872,0.54866
-0.091844,-0.53034,-0.29007
0.65887,2.513,-0.48536
0.15421,-0.88358,0.71105
-0.064277,-0.31815,-1.1662
-0.1208,-1.0552,-0.35907
-0.97499,-1.5559,-1.3498
0.54379,1.1763,1.0223
0.1569,0.69164,1.0119
0.79519,0.95851,1.0339
0.025484,-0.30912,-1.3592
0.37301,-0.056303,-0.32636
0.18469,-0.29136,0.42408
-0.53614,-0.3678,-0.45678
-0.89033,-3.2944,-0.95286
-1.7726,-0.59741,-2.2368
1.1306,1.2398,1.4413
0.096125,0.14542,-0.09988
-1.0739,-0.85619,-0.5679
1.507,0.75926,1.7929
0.48047,0.70544,0.42686
0.65056,1.187,-0.098333
-0.12141,0.22809,0.065573
0.17293,1.1047,-0.16402
-1.3694,-0.47056,-1.4883
0.61614,0.56441,0.69731
-1.298,-2.0471,-2.4453
-0.32131,0.62994,0
-0.32434,0.21861,0.10169
0.8969,0.094888,1.1787
-0.041832,0.49204,-0.134
-0.15686,-0.66291,-1.2142
1.0639,-0.22827,0.912
0.35739,1.484,0.9371
0.034753,1.3698,-0.09998
0.32986,0.90287,-0.066719
0.09209,-0.055002,-0.33422
-1.4287,-0.31255,-1.8244
0.57051,0.43175,0.54405
1.8876,0.16486,1.9477
0.30966,-0.62422,-0.83488
-0.19213,0.97136,0.70175
-0.0096825,1.0071,2.4668
-0.20675,0.2795,0.45381
0.44591,4.2132,1.8902
-1.2296,-0.91037,-1.117
0.48575,1.3582,0.096253
-2.0003,-0.18063,-1.2583
0.46548,1.6477,-0.29265
-2.3615,-1.3383,-2.4058
-1.6121,-0.78399,-1.9876
1.0202,-0.95591,0.033986
-1.2727,-3.4377,-1.4044
0.72166,1.2484,1.0636
0.43498,1.0565,0.74808
-2.6946,-1.1905,-1.9153
2.3864,1.7717,1.983
0.61405,-0.3166,0.033853
1.3974,-0.13269,1.5114
-3.0098,-2.0116,-2.361
0.037847,1.7102,-2.0342
-0.049541,0.062105,-0.27902
-1.8323,-0.58729,-0.91548
-1.4005,-0.73452,-0.60318
0.32435,-1.3942,-1.0374
2.427,1.097,1.5698
-0.026968,-1.5265,0.035408
0.10855,-0.16495,-0.6746
1.1645,0.87656,0.53293
-0.10729,1.3096,0.2831
1.1469,1.5933,1.7861
-0.854,0.17648,-1.1169
-2.3753,-1.2775,-1.9852
2.1685,2.2687,2.3355
-0.41898,0.69585,-0.49087
1.1154,1.1376,0.97937
1.0414,1.2773,0.27804
-1.1568,-0.26262,-1.152
0.42429,-0.2208,1.4986
-1.7053,-1.7756,-1.6391
-0.12736,0.2161,0.14057
1.354,1.3296,1.5677
0.0047617,-1.1571,0
0.83843,-0.043111,0.79191
0.020218,-0.70968,-0.41236
-0.51336,-0.53123,-1.0732
2.879,1.8257,0.69369
0.6068,0.034305,-0.90276
-0.67459,0.1627,-0.87584
0.45985,-0.068486,0.80606
-0.52703,-0.45488,1.4897
-0.034269,0.2234,1.6371
0.53967,0.67576,-0.20319
0.38995,0.34893,-0.03388
-0.3028,0.076451,-0.10178
1.3202,1.0387,1.0467
-0.026508,-0.56443,-0.23538
-0.45622,-1.6699,-0.84532
0.21087,-0.61181,0.87895
0.95149,0.52586,0.43664
-0.32217,1.2561,0
0.80636,0.44904,0.8675
-0.17138,0.27013,0.43099
-0.51718,-0.48169,-1.0642
0.4743,-0.20352,0.86553
-0.84167,0.18658,-0.43185
-0.65949,1.3214,0.92779
0.17598,-3.2461,2.4757
-0.075295,-0.85002,0.25705
-2.5949,-2.2195,-3.2287
0.37912,0.96609,1.1206
0.87643,1.1489,1.2701
-0.24444,-1.52,1.1263
-0.097679,-0.12405,2.3404
1.3693,0.81226,9.0781
0.37058,0.93639,-1.3219
-0.64844,-0.59408,2.8516
1.1921,1.7374,3.4267
-2.6779,-2.1501,0.67683
0.080189,0.82369,0
-0.49671,-1.0439,-0.89445
1.1977,-0.20304,-0.875
-2.981,-1.51,-2.4748
-0.057618,-4.5774,-2.2204
-1.439,-5.6809,-2.9504
-1.0038,1.1899,-1.0431
2.8678,3.6963,3.5143
-0.70945,-1.7537,-1.55
-1.33,0.15457,-0.50231
0.52167,1.1421,0.97278
-1.7614,-2.4831,-0.38211
0.44762,1.1671,1.8092
-1.6055,-1.1671,-1.0173
1.6749,1.7744,-0.35116
-2.3513,-2.0193,-3.3993
1.482,1.8076,0.27261
2.816,3.3526,1.9174
0.047636,0.12103,-0.32695
0.77402,-2.1818,0.029789
-0.59047,0.61615,-2.0446
-0.65617,0.75307,-0.45667
1.5076,1.4247,4.1249
1.4925,1.4138,1.1645
-0.17795,-0.7687,-0.057895
0.74819,0.4857,0.66385
-2.5596,-2.2184,-1.917
0.60319,1.3738,1.0792
0.12236,-0.26771,2.1525
-1.3842,-2.253,0.25525
-1.5135,-1.1793,-2.6401
0.62602,1.6885,1.0126
-0.13618,0.77772,0.1438
0.48882,1.5742,2.0766
1.6532,2.0102,1.5088
0.80446,0.53886,1.4318
0.080831,-0.080669,0.081963
-1.4385,-1.7725,-1.7636
0.15026,0.44607,0.41616
-0.68752,-1.8242,-1.4501
-1.4543,-3.2053,-1.0731
0,0.2004,0.42497
-2.4858,-3.6601,-2.8389
0.32181,-1.0737,0.66674
-1.8523,-2.4895,-3.4091
1.3532,0.73505,2.9167
0.79167,1.6244,-0.3199
-1.3689,-2.2775,-1.2309
1.0812,5.2455,1.4056
-2.5241,-1.0744,-1.1405
-0.56279,-0.19658,-2.2908
-2.9524,-0.52288,-0.36177
-0.60638,2.2495,-0.30251
-1.1147,-2.1309,-3.2325
2.1216,4.7085,-0.093897
1.0012,0.76056,4.0509
-1.5999,-2.2609,-0.93671
1.7396,0.43917,-0.67011
0.61409,1.0612,-0.36742
-0.47754,-0.42501,-1.2346
1.6633,1.3725,1.2346
1.2163,1.8225,-6.8227
-1.0518,-1.0598,-0.85753
-3.2518,-2.7332,-3.7804
-0.76528,-0.98938,-1.9101
0.78548,-1.2141,-1.4125
-0.42126,0.90466,1.5526
0.58717,1.7946,-1.233
0.72396,1.3134,0.45975
1.3512,1.7586,2.1642
-1.3512,-2.1347,-1.6011
0.08374,0.028257,-0.28111
-0.089668,-1.0987,-0.49575
0.83063,2.6781,0.1773
-1.2951,-0.85667,-0.42611
0.78497,1.0604,-1.506
1.3718,1.8428,0.57637
0.68941,3.8319,1.9211
-0.091987,1.8021,-0.42375
-0.89821,-1.0531,-1.1746
-2.7463,-1.2048,-2.6485
0.053341,0.32447,-0.77505
-0.34536,1.2873,2.1987
0.52247,-0.27691,1.9028
-2.226,-2.5187,-1.9753
-0.84459,1.2541,1.0823
-1.5584,0.061427,0.64376
3.6457,2.1519,4.2916
-0.90363,0.49667,-2.245
0.51138,-0.99579,-0.034911
-2.1002,-0.58836,-2.3331
-0.89991,0.2773,1.2087
4.1535,2.445,3.8813
-2.4587,-1.2492,-2.7569
2.3662,1.1816,1.9378
1.5205,0.61506,-0.03427
0.23012,-0.91975,-0.1029
-0.88044,-0.90257,-2.0105
-1.1527,-1.1961,-1.8019
-0.7982,-0.82578,-0.50036
0.56711,0.4963,1.67
3.5267,1.1657,3.8706
-0.19359,-1.4527,-1.1593
0.13008,1.0484,-0.55021
0.079568,-0.22434,0.55021
0.15604,0.474,0
-0.51131,-0.034396,-1.416
-0.8125,0.4291,0.48577
0.44641,1.7067,0.75862
-2.0585,-2.3683,-2.8927
-0.33895,1.0974,-0.78101
0.45893,-0.093843,0.67483
2.2438,2.7775,2.4477
0.062272,2.1434,0.92827
1.7976,1.0668,2.6344
-0.15547,-0.040195,1.3903
-0.88493,-0.54839,-0.56041
0.28957,-0.056596,3.8903
0.64216,0.47622,1.1067
0.64737,-0.8978,-6.3952
-0.10522,-1.1358,-2.8564
-0.38963,0.94868,-1.2147
-0.38537,-1.7656,-0.41991
1.6995,2.3824,3.0389
0.32304,-0.34848,-0.54572
-0.45439,-0.93798,-0.5487
0.76228,0.64528,2.1097
-1.828,1.477,-1.6636
0.36628,0.62635,0.2052
-0.67482,-0.69081,0.40915
1.096,0.94664,2.0209
-0.038475,1.0643,-0.33524
0.39976,0.73988,0.50244
1.0529,0.73443,1.7225
0.12496,-0.49944,-1.5222
0.089764,-1.046,-1.783
-0.93169,-1.041,-2.4048
-1.6184,-1.2541,-1.7892
0.2614,0.86985,0.77575
-1.3298,-0.40178,-1.4862
0.68229,2.4811,1.3808
0.39551,1.7286,-0.91843
0.53208,0.13117,0.46027
0.1515,-0.21614,0.035335
-1.056,-1.6122,-1.8532
-0.58046,0.37621,-1.7783
-0.032675,-0.22711,0.8387
1.9309,0.71869,2.7222
-3.1376,-2.7862,-2.9039
0.079337,0.73363,0.79709
-0.2441,0.063535,0.6475
-1.7039,-2.1591,-2.7997
0.32743,0.48564,4.0468
1.4934,1.8401,2.8967
0.0080867,0.44291,-0.48279
-0.67944,-1.2787,-0.45036
-0.97593,-0.75424,-1.1876
0.37453,0.69024,1.6379
-1.8717,-1.8405,-2.4494
0.0053071,0.58492,-0.92529
-0.28188,0,-0.86177
0.58264,0.90308,2.2112
-2.9805,-2.8084,-2.1392
-0.37244,-0.89558,-0.43338
0.12664,-1.2742,-0.4352
0.38286,0.62237,-2.3539
-1.8371,-0.14265,-3.754
0.10933,0.36874,0.38566
-0.84208,1.6263,0.19228
1.6936,1.9399,-0.69391
-2.304,-2.8494,-2.4277
0.69654,2.2827,0.8682
-1.1152,-0.86425,-0.78896
-0.90689,-0.47611,-0.39685
-1.0961,1.3566,3.8991
2.4755,2.1996,4.1571
1.1941,0.45951,0.94924
0.028569,2.6287,-6.2216
-0.053958,-0.95145,-0.85435
1.3402,1.0361,0.62207
0.40559,-0.36992,2.4125
-2.3396,0.36992,-3.8177
0.41588,-1.1372,2.7909
-1.8772,-1.7898,-2.5553
2.3087,1.1106,2.364
1.6535,0.93561,0.45853
-1.3231,-0.68527,-1.9635
-0.5594,-1.0525,-1.0946
-0.90065,0.72382,-0.63091
2.8314,1.0217,3.6127
0.33487,0.61353,3.0437
-1.8096,-0.085207,1.3601
2.3612,-0.18614,2.6659
0.69187,-1.7306,-0.821
-1.2124,-1.096,0.78544
-0.29199,0.46215,-0.74961
0.55066,0.90211,0
0.40676,-0.45796,-0.35892
-1.5213,-1.4107,-0.43245
-0.93586,-1.6427,-0.94717
0.61782,-0.040838,-0.10986
0.24919,0.39105,-0.40391
1.1269,1.565,2.3993
-1.9821,-1.6708,-0.64867
0.36796,-0.29343,-1.42
0.7951,0.71579,1.0578
1.4731,0.96792,1.3694
-1.3819,-2.3143,-2.3539
-0.41009,-2.7652,-0.69866
-0.20372,-0.059148,-0.74079
-3.0379,-2.863,-2.0658
0.4421,-0.58433,-2.6924
2.0303,2.5561,1.8158
-3.4734,-1.9369,-0.076578
0.61306,2.5743,1.2942
1.3712,0.97793,3.3473
0.21193,-0.19314,1.0189
-4.8283,-3.2288,-2.9392
1.7372,0.74383,-3.1436
-4.8288,-4.0266,-5.6185
4.2429,3.222,2.7696
3.9467,3.1887,-0.39671
-3.8987,-2.2463,0.94939
-1.5756,-0.7341,0.15734
-0.19797,0.94901,1.0947
1.9466,3.086,3.4018
0.33767,-0.57611,2.9256
-9.219,-4.2421,-9.1267
5.2758,2.1606,6.5013
-0.45543,-6.017,-0.78994
-4.1125,-5.018,-0.87237
-1.3599,-1.249,0.26633
-3.9279,-2.7641,-5.506
-5.9108,-5.0655,-6.9825
-1.1397,-5.4793,-0.95158
-7.9224,-1.7266,-3.1342
-1.1829,-1.4144,-3.6534
10.957,4.9577,17.063
-0.53363,1.4962,-5.6467
-9.4695,-5.8404,-6.1611
4.1629,3.5931,6.5338
-0.62322,-0.81185,-1.0806
4.6583,1.8878,3.248
-3.1284,-4.0255,-5.6587
-6.2953,-6.1018,-8.1578
1.2555,0.8931,3.6036
-3.5121,-2.7402,-1.6261
-3.228,-2.9804,-3.6165
10.246,9.1353,8.6775
-1.1141,1.0485,-0.43389
2.5477,2.784,-1.6218
1.5249,2.483,-1.3345
-0.25322,-0.3124,1.2903
4.0014,0.77389,3.9442
-5.4115,-3.7749,-6.3604
-5.1571,-4.9153,-5.5881
2.8446,1.3067,2.9262
-1.2734,-2.8214,-0.93462
-2.2287,-1.3564,-0.47056
-5.3289,-3.6932,-4.3381
6.6923,5.4543,4.5736
-4.2593,-4.7171,-5.7629
-2.6149,-3.6123,-3.7586
0.97903,3.3006,2.216
-6.3105,-5.2687,-7.0195
-6.9482,-5.729,-4.2441
6.1328,4.2838,11.569
6.2714,6.4764,5.0048
0.65294,0.94679,-3.4418
3.4718,1.2568,2.4704
0.95969,-0.085764,-1.3264
-9.3537,-5.9323,-8.2973
3.9164,3.7519,2.8604
2.5508,1.0342,3.6908
-2.9746,-4.0864,-3.8999
3.5849,3.9871,3.8999
3.7669,5.1629,5.5788
-2.3389,-2.5904,-1.9708
1.1824,0.20539,0.048518
-2.8939,-2.7902,-5.7929
0.70038,1.9905,-0.46382
-1.2767,0.69105,-1.6667
5.0085,4.2921,5.4675
-0.96392,-0.65021,-2.2631
-2.139,-2.1668,-1.8481
0.29326,-0.57309,-0.93701
-1.8472,-1.8489,0.31331
-0.9765,-1.7099,0.52003
0.57645,-0.099284,-0.5722
0.53419,1.001,-0.20889
-0.38801,-0.098423,-0.89262
2.4114,2.7915,1.9844
1.4059,0.72741,0.5157
3.1119,3.7432,4.4765
-0.46793,-0.6315,0.93019
0.77867,2.738,1.1628
-3.0469,-1.627,-6.2101
0.33913,-0.69722,3.0787
-2.1533,-2.886,-3.0275
-2.2823,1.1854,-0.25645
0.17565,-0.43264,1.7817
-3.4032,-2.5516,-3.7527
0.13283,1.1117,0.78271
0.75331,0.94652,2.4134
-5.4262,-3.5234,-6.4437
4.2572,10.899,4.7553
-1.5278,-1.4878,-12.458
0.53633,-0.64599,0.52463
0.55379,2.3304,2.4692
1.0866,0.0655,0.17003
3.3007,3.3894,2.1289
-3.3681,-2.4664,-2.5261
-2.3053,-0.93399,-2.8252
-0.053291,-0.78867,4.1804
1.571,2.7657,3.6888
-0.75177,-0.69772,0.70025
1.6233,-0.45351,2.1769
2.6541,4.4996,3.2044
0.14841,0.70483,-1.1253
-5.0369,-3.7355,-3.3476
0.79235,2.0062,2.1574
0.17377,-0.094626,0.25997
-1.0048,-1.3022,-0.88659
-4.6629,-3.4365,-4.6972
-0.095082,0.92217,0.16569
-1.2097,-2.8599,-1.1657
-1.1479,-0.15754,0.50124
-3.5315,-5.1063,-4.4881
3.932,2.3776,-0.23272
-1.0715,-0.58039,-1.2306
-1.5906,3.5116,-3.2358
-2.3846,3.3816,-1.658
-4.7742,-3.2917,-2.2543
-0.64274,-1.4478,0.56836
2.3475,1.9407,1.5
-4.3463,-2.2717,-5.4171
0.12153,-1.9275,0.065438
-1.0074,-2.7528,-0.8544
6.1719,4.417,8.4147
0.24428,1.558,3.7516
3.9921,1.9887,-0.58618
0.77092,-0.04427,-2.1391
-0.35221,0.94725,-2.4317
3.1634,1.8357,3.922
2.0643,-1.0386,0.35445
-1.3064,0.76919,1.0557
-1.9967,-0.162,-0.46781
6.8366,6.4869,7.1802
-2.0626,-0.4162,-2.2064
0.95803,-0.35672,-0.27923
2.3053,0.84382,5.1769
-2.0525,-4.8006,-3.7884
-3.5439,0.39226,-3.6511
1.3044,2.4765,4.9662
1.6421,0.74036,4.9904
2.8322,3.2357,-0.10359
0.96847,1.3791,-2.8393
-0.83673,-0.64783,0.053343
-2.4144,-2.8058,0
1.1715,2.4409,2.2662
3.7347,0.50272,2.4705
0.25302,-1.7357,-0.40755
-2.0269,-0.68266,-1.2327
1.2471,-0.42396,-2.7241
1.5419,2.5765,4.8208
0.49571,-0.15788,-2.8749
-4.3732,-0.83291,-3.1211
2.1029,1.8546,1.9159
-0.77113,0.23428,-1.0066
0.98734,-1.108,0.74272
1.6658,-1.33,10.001
-1.0118,-0.13,-2.4693
-0.27443,1.9714,-2.3309
2.138,2.0391,1.5929
-0.095052,-0.80096,0.049374
0.53819,1.3474,-0.098765
3.3307,1.4991,-0.24729
-0.37989,-0.3207,-2.0011
1.7255,-0.64784,0
-1.329,-1.9595,-2.4036
2.3784,-1.078,0.51631
-2.1747,1.3797,-0.51631
-0.097933,1.0056,2.9076
-2.7263,-1.6295,-0.70633
1.0298,-1.1903,1.5574
-1.1476,0.31619,0.79445
2.9937,3.1175,1.8619
-0.17383,0.88535,-0.78469
-0.51447,-1.3934,0.34406
-1.69,-1.1891,-2.7863
-0.14983,-0.90864,-0.35377
2.5962,3.0257,2.9436
-1.9153,-2.0102,-1.0378
1.5301,1.6954,1.5771
1.3483,1.5074,2.1288
2.549,1.9474,2.412
0.19813,-1.4312,0
-1.3834,-0.31877,1.5303
1.1418,-0.1504,0.45915
-0.25179,0.8522,1.4101
-0.10111,0.23283,-0.40735
0.34971,0.6029,0.13601
-0.34864,0.19401,2.1063
0.60933,0.96442,1.234
0.1396,-1.0937,2.1665
-2.4056,-0.54674,0.38504
-1.2802,-0.27915,0.12802
-0.13825,-0.29861,0.97601
0.83758,-0.62817,-0.76303
0.31094,-0.41465,2.3966
-3.1078,-1.3023,-3.3371
0.23041,-0.076551,0.25735
0.65032,-0.27806,0.55547
2.1218,1.8173,1.3542
-0.14789,-0.35894,-1.8668
0.90243,0.14186,2.1607
-0.85674,-1.3413,-0.37789
0.43524,0.4014,1.1294
-2.9578,-3.0113,-2.8266
0.25625,-0.07867,-0.73011
-1.988,-1.4467,-2.9304
-0.16699,0.4879,0.13308
0.35409,1.381,-0.53337
-0.40299,-1.2321,-0.22305
2.4628,2.7294,3.683
0.5302,-0.35771,-0.51792
2.9199,3.773,4.2776
0.86046,3.1399,1.318
-0.038273,4.2296,-0.61563
1.1367,0.87988,0.98323
0.36207,0.51393,1.2156
-0.053442,-1.2639,-0.12093
2.3023,1.281,3.0185
0.30375,0.49425,-8.6158
0.29774,-0.008504,-1.4605
-0.26098,-0.29798,1.5458
-0.45734,-0.017069,1.3963
1.1825,0.5104,0.042008
0.073951,0.059387,-1.2254
1.5226,1.6733,1.3094
0.30076,-0.2672,-0.25207
-0.29178,-0.94931,0.1681
-0.56405,-0.45898,-1.4809
1.335,1.6476,0.42534
-0.33506,-0.52933,-0.59598
-1.2741,-0.7696,-1.246
1.1459,1.2654,1.7146
0.68564,0.24278,0.38177
-0.85679,-0.84819,0.2959
-2.456,-1.4527,-1.8748
1.0095,0.65673,1.9701
0.68375,0.79596,0.29642
1.0889,0.31998,0.084551
1.8451,0.79546,3.0784
-0.054595,-0.4849,0.93782
0.23667,-0.41149,0
0.011672,0.53711,-0.36594
0.27779,-0.033447,0.56865
-0.19903,-1.0183,-0.040495
-0.81092,-0.14391,-0.12161
-2.2372,-1.1587,-2.6723
-0.33019,-0.5155,-0.58504
0.84986,0.20652,1.0423
1.3032,0.96665,2.0933
0.8806,-0.25573,0.80905
0.77523,-0.34197,-0.1613
1.0368,0.77634,0.88389
-0.13513,0.32242,-0.56157
0.63191,0.70063,0.56157
0.31304,0.39461,0.79684
1.5207,2.0484,0
-0.30643,0.049223,0.39604
0.26339,0.18854,-0.15824
-0.34131,-0.44322,0.15824
0.65533,0.032904,1.8406
-1.012,-0.65172,-0.2331
-0.95565,0.099269,0.89063
-0.61094,0.11568,-1.5149
1.7653,-1.4559,1.0899
-0.22321,-0.43672,-0.31019
-0.33339,0.67109,-0.11656
-2.6097,-1.44,-3.3205
-0.45157,0.94549,0.32103
1.4765,0.61147,-1.2904
1.3612,1.3273,1.8895
0.27079,1.1715,-0.039827
0.74421,-0.3999,2.2455
0.56248,2.9331,-0.46857
0.43768,0.87758,0.66318
-0.27915,-0.015751,0.34931
1.7394,1.0416,0.57948
0.41489,-0.28869,2.8481
-0.8131,-5.0808,-0.78931
0.93614,1.1606,-0.52968
-0.62586,-0.19521,0.037915
-0.88932,-1.6004,0.79321
1.0587,1.4945,0.03761
-1.2253,-1.9173,5.2383
-1.1787,-0.20793,2.3281
-0.33233,0.44858,-0.31428
-1.9734,0.70204,-2.0139
2.227,1.1213,0.71122
-2.8466,-1.8565,-1.7516
0.64357,-0.041459,0.53946
0.24231,0.49647,-1.2633
0.10421,0.10721,1.9069
1.9053,1.4813,1.4506
0.25001,0.76411,0.17547
2.1995,2.0122,1.6345
-0.0063992,0.71961,0.068986
0.50194,0.22039,0.37845
-1.0312,-0.73388,0.82079
0.57229,0.608,0.91542
1.4364,0.92464,-0.30422
0.091898,0.32704,1.9863
-0.046835,-0.37387,0.36598
-1.3517,-0.47714,-1.102
-0.32201,-0.4558,-0.53874
1.3524,0.97195,1.0746
-0.053345,-0.21083,-0.10027
0.4494,-0.50939,-0.40201
-1.7384,-1.2491,-1.9319
0.37858,0.51576,0.64812
1.2003,1.2506,2.0196
0.034264,-0.57222,-0.76935
-0.84376,0.26691,0.16775
0.54943,-0.23548,0.50159
-0.24714,-0.16514,-0.63578
-1.0304,-0.18909,-0.74122
0.36656,1.2461,0.47231
0.58227,0.73721,0.53712
0.36763,0.26254,-0.06699
0.69353,0.19259,0.86724
-0.55624,-1.1145,-0.29934
0.11276,0.17105,0.26614
-1.1881,-1.023,-1.6751
0.5813,0.39954,2.5351
1.0449,0.57683,0.52566
0.35572,0.99005,0.97814
0.2296,0.053876,0.32395
0.52424,0.43748,0.2584
0.11534,1.3238,0.54689
-0.1402,-0.34825,0.70334
0.019541,0.54457,-1.3793
-1.01,-1.2677,-1.5625
1.5916,1.1771,1.5302
0.31108,-1.2153,0.032302
0.054537,-0.65173,-0.61559
0.39932,-0.34673,-1.0454
0.28776,0.99846,0.6873
0.17452,-1.0525,-1.2802
-0.94254,0.79233,-0.66291
0.82915,-0.21478,0.92685
0.24235,1.5845,1.9899
-1.0882,-0.40137,-0.32351
1.2422,1.775,0.77467
-1.0654,-2.9428,-1.6535
-1.9127,-0.96434,-1.9142
-2.239,-2.7507,-3.5615
0.45876,0.49282,1.2354
-0.42121,-0.29378,0.61204
0.48683,0.46016,0.57464
-1.1888,-2.0634,-1.7339
-0.98778,-1.1051,-3.4185
1.4165,1.8458,0.81283
1.289,0.68746,0.17586
-0.54894,0.10353,0.59555
-3.1636,-2.1396,-2.7981
0.28929,0.42189,0.64448
-0.89028,-0.89035,-1.0765
1.2956,1.0853,1.0408
-0.22351,-0.32519,-0.071432
0.96339,0.74632,0.46338
-0.27484,0.218,-0.67796
1.7841,0.98705,1.9591
0.4229,0.87454,0.84298
0.65632,1.1647,1.3204
0.21842,-0.48626,-0.69279
-0.10464,-0.26767,-0.13912
-1.2177,-0.30795,-1.4021
0.96735,0.88962,1.0534
-0.20832,-0.40838,-0.1048
0.14044,0.070802,0.24445
1.0107,1.1027,1.2134
0.23277,-0.89848,-1.9486
0.042911,-0.42467,0
0.37292,-0.12618,0.59555
1.391,0.41735,-0.13979
-0.017561,-0.66229,0.13979
0.17113,-0.68265,0.59204
0.45144,0.055732,0.58857
0.40334,1.5639,0.72226
-0.021737,0.2661,0.30797
0.045209,-0.086015,0.068289
0.7749,0.65497,0.27278
0.58048,-0.70976,0.88133
-0.03259,0.48412,-0.067506
-0.50994,-0.52324,-0.067564
0.50824,0.21118,0.033779
0.71454,1.0802,0.94149
-0.55084,-0.65142,-0.77272
-0.17056,0.5509,1.2069
0.073745,0.015467,-1.1732
0.56671,-0.51971,-0.23625
0.0042659,0.1399,0.6065
-0.32782,-0.40463,-1.6255
0.73865,0,-0.44482
0.78967,0.85405,0.37653
0.16829,-0.32525,0.17068
-0.5894,-0.34963,0.10226
0.33687,-0.67942,1.9235
0.66617,0.89711,1.394
0.17651,-0.31115,-0.065942
0.068517,0.52063,0.42783
1.1088,1.7059,1.2078
0.084218,-0.27463,0.16208
-1.6258,-0.19884,-0.65001
0.45111,1.2174,1.1992
0.8026,-1.9395,1.0256
-0.10195,-0.54121,-0.0957
0.22613,0.10846,0.19133
0.70983,0.66381,-1.3793
-0.43057,0.56764,0.48334
-2.366,-1.4718,-0.83927
0.6442,0.98875,0.19431
1.286,0.27633,0.29076
-1.6788,-1.1254,-1.495
1.3035,0.46404,1.0424
-2.4127,-1.1486,-2.394
-0.66083,-0.51645,-0.93361
-3.2888,-2.3054,-2.9579
-1.5427,-1.4796,-2.693
4.3035,3.3582,2.5548
-0.34031,0.48982,-0.20754
1.3646,4.462,1.9205
-1.222,-0.90854,-0.68168
-1.8979,-0.2208,-1.0658
0.11088,-0.57332,0.034558
-1.4298,-0.37637,-0.73157
-0.51435,-0.84231,-1.2667
-3.9756,-4.0059,-4.0837
1.4913,1.3001,-1.001
-1.2992,-0.7764,-2.1466
0.035387,0.056215,-0.76426
-0.56771,-1.0414,-4.1509
3.2347,2.532,3.8821
-1.2452,-0.89805,-0.77221
-1.7314,-0.73719,0.34827
2.5514,2.4391,2.1777
0.40432,0.43073,1.5004
-3.5017,-2.1166,-4.0652
-1.3624,-0.9222,-1.9578
1.0916,-0.33083,-0.71427
-0.59594,0.14541,-1.2826
2.908,3.0052,0.84355
0.43701,0.60128,2.6057
-0.18063,0.038917,-0.62548
2.3222,0.99886,4.1481
-0.055609,0.43057,-0.98302
0.12822,0.48214,0.18977
0.13163,-0.63573,0.2651
-0.38643,0.38346,-1.8706
-1.6201,-1.0387,-0.69604
-0.29899,0.62453,-1.8011
-1.6946,-1.4867,-1.2324
0.28553,-0.83822,-1.8979
-0.2036,1.4526,-0.90092
-3.1508,-3.0624,-4.2005
-1.0164,-1.2954,-1.2953
-0.32457,-0.73971,0.64978
-0.46733,-0.58093,0.47381
0.53447,1.3044,2.3361
3.085,2.827,1.9951
0.93687,0.76085,0.45168
0.71781,-0.0078039,-0.57522
0.073263,0.55333,2.2812
1.5262,1.3969,1.201
-0.015514,0.18375,1.2261
0.11954,0,0.27477
-2.9243,-2.0793,-2.4604
0.59641,1.3653,1.3567
1.1352,-2.528,0.98602
-1.2903,-1.0167,-1.4229
2.2264,1.741,2.8259
0.81864,0.71134,-0.11617
1.1138,0.023378,1.1173
-0.10499,0.17116,0.22961
-0.6946,-0.15557,-0.80601
-0.41673,-0.31978,0.30784
0.0063498,0.2964,-0.84878
2.1784,1.8213,1.9947
-0.48079,-0.29871,-0.64777
0.60329,0.68797,-1.6574
-0.12693,0.42569,-1.409
-0.37109,-0.79595,0.70703
0.54681,1.4191,0.23453
-0.59853,-0.12127,-2.1311
-2.8583,-1.5363,-0.84118
-0.53933,-1.1855,-1.4995
-0.40317,-0.3357,-0.36818
0.012045,-0.078231,0.40901
1.2118,0.53079,1.3855
0.14817,0.72913,0.44418
-1.708,-0.37941,-1.5429
-0.36698,-1.092,-0.86292
-0.40485,-0.81113,0.20613
-1.4619,-1.2492,-0.99337
0.32839,0.29579,0.24926
-0.77145,-2.0077,-1.1686
1.6451,1.5757,0.46072
-1.4829,-1.072,-1.2193
0.039072,-0.21905,-0.7217
2.9078,2.1214,1.8155
0.90399,-0.5821,0.16726
1.3132,2.011,1.4514
-1.1537,-1.2858,-1.3679
0.64181,0.10314,-0.12529
0.48207,0.22186,0.33377
0.48515,1.2817,-0.66866
1.1069,1.2578,5.1482
-0.071337,-0.58808,-0.3191
0.35349,0.44909,0.35893
-0.036441,0.18528,0.83249
0.082651,0.40021,-0.43522
1.5095,1.2215,0.82923
-0.25673,0.14406,-1.1072
-0.48372,0.44603,-2.1705
-0.83662,-0.68119,-0.73407
2.0973,1.8362,1.4225
-0.56836,0.40182,-0.20197
0.48387,0.17807,-0.2024
-0.25911,0.43645,-0.73201
-0.30885,-0.994,-0.040831
0.44067,1.112,-0.45015
-0.80674,-0.28793,-1.9467
2.0647,1.7662,1.8235
-0.067223,0.13063,0.32802
-0.16479,0.6364,0.40847
0.61036,0.093712,0.16294
0.014583,0.58167,0.081375
0.38115,0.13593,0.97126
0.70958,0.37114,2.0332
-0.3648,0.80178,-0.43504
0.20254,-0.31144,1.2212
0.72176,1.247,1.0903
-1.6005,-3.4184,-2.8282
1.0469,0.75065,0.83321
0.17723,0.54499,0.43365
0.23864,-0.1145,-0.15748
0.21447,0.12162,-0.75143
0.0016886,0.59178,2.7796
-0.26942,0.53885,0.57746
0.11242,-0.37547,0.87907
-0.043938,1.8981,1.4731
0.094609,-0.19514,1.0444
0.77293,0.36216,1.6195
0.36713,0.22915,-1.3231
1.9099,1.801,0.40614
0.39151,0.088537,-1.0743
-0.21232,0.12978,-0.14911
-0.80849,-0.21872,0.52086
0.43665,0.28017,-0.037128
-0.42511,-0.76719,-0.96979
-1.1879,-1.1689,-1.5487
-0.12182,-0.069619,-0.26682
-1.6338,-0.97941,-0.88717
0.021214,-0.20413,-0.93422
1.5241,1.6835,1.0504
0.25372,0.47688,-0.58216
-0.15766,0.23411,0.15556
-1.4387,-1.5317,-2.3993
1.4813,1.8202,0.99031
-0.74966,-1.3186,-0.47415
-0.13798,-0.70432,0.23736
-0.60887,-1.0058,-0.19777
2.1387,2.0639,3.0412
1.2737,0.53177,3.2121
0.25999,0.13766,0.48228
-0.12991,-0.2686,-0.66839
0.051495,-0.67125,0.11171
0.36949,0.66431,1.3309
0.38354,-0.4701,-0.55239
0.59837,0.35971,0.95553
0.004832,-0.3736,-0.32971
0.091054,1.0617,1.3487
-0.51356,-0.75722,0.82929
0.6166,-0.11754,0.50141
0.083645,0.31082,-0.32205
0.25451,-0.33848,-0.32311
0.6012,0.84752,0.93057
0.33739,0.144,0.42662
-0.16457,-0.041086,0.38945
0.061251,-0.37775,-0.81606
0.077103,0.25428,-0.21398
0.10086,0.55431,-0.14291
-0.15094,0.10237,-0.42994
-0.019081,0.061307,0.21519
1.1251,0.4894,0.25049
-0.13139,0.10845,0.39238
0.49947,-0.40043,-0.3209
-0.21252,1.0889,2.8865
-0.18465,-0.49226,-0.76626
-0.13773,-0.19623,-1.3376
0.37182,-0.24414,-0.39056
0.89673,1.2282,1.5531
-0.17122,-0.18795,-1.2689
0.73574,0.7898,0.38945
0.13755,0.43234,1.264
-1.0167,3.2908,-0.66514
-0.12958,0.070647,-0.42238
0.24106,-0.19275,-1.1708
0.58193,2.6213,1.2766
0.026343,1.1275,0.24636
0.4212,-0.24808,1.1533
0.22418,0.018659,0.31224
-1.8014,-1.1615,-3.9567
0.76333,1.7372,-0.072106
1.6556,0.95833,0.93323
-0.27262,-0.15907,-0.17879
0.23514,0.14075,-1.0434
0.28801,0.287,0.43308
0.62208,0.49874,1.5365
0.4176,1.1387,0.28331
-0.27897,-0.84668,-1.1022
0.074921,-0.34076,-1.6946
0.54923,-0.14635,-0.91325
0.23821,-0.38521,-0.073425
-0.32402,-0.23308,-0.40721
0.62379,0.34329,0.22235
0.3071,0.51275,0.70071
0.19229,0.36467,-0.55277
-2.0742,-1.7688,-1.7522
-0.61307,-1.099,0
-0.099487,0.3677,0.67466
1.0495,0.93481,-0.82521
0.55457,-0.24677,0.11296
-1.5865,-1.1869,-1.5928
0.16139,0.1187,-0.30628
1.7072,2.0517,0.45906
-0.74054,-1.0145,-0.95876
-0.83762,-1.181,-0.89027
0.88832,1.4587,0.73599
-0.13626,2.1821,-0.077226
-1.9051,-2.3424,-1.8714
0.70556,0.25271,1.057
-0.60677,-0.64233,0.038924
-1.1264,-1.4794,-1.1746
-1.9687,-3.8592,-2.3915
1.3309,0.76828,-0.040381
0.43009,1.103,0.080698
1.4875,1.1417,2.1146
-0.35569,0.20274,-0.1185
0.29097,0.96374,0.94416
0.92974,0.3192,1.0516
0.31562,1.3283,-0.73884
-0.27516,-0.50068,-0.82306
0.70352,0.9314,0.31433
0.66625,0.44106,0.46966
-0.18312,-0.32449,-0.86276
0.49507,0.73319,0.35387
0.034515,-0.012167,0.27433
-0.018007,-0.15842,0.89617
0.21813,0.030457,1.425
-0.15212,0.20705,0.19104
-0.40125,-0.20094,-0.49741
-0.27973,-0.060964,-0.34583
-0.78071,-0.42786,-1.3173
0.019022,0.42786,-0.039019
0.0083674,0.62021,-0.82272
0.39177,0.74885,-0.19688
-1.1079,-0.16258,-1.1496
0.57148,-0.32595,0.27872
1.3424,-0.39378,2.3965
0.52629,2.12,-0.93605
-0.15939,-0.36314,0.35203
0.89395,0.48791,2.2395
0.62304,1.1096,0.72286
0.35491,0.24034,1.2432
0.2298,-0.11717,-3.0023
-0.17542,0.9162,-1.0081
-0.3385,0.41735,0.58286
-0.68789,-1.3101,0.96396
-0.91112,-1.274,-1.0415
0.38126,0.7011,0.30975
0.45339,0.12428,-0.15477
0.80416,0.75411,-0.62135
-1.1174,-0.51785,-1.215
0.48835,1.6036,-0.15784
-0.81,-1.3561,-1.152
-0.62237,-0.62576,-1.8549
-0.036863,0.96652,0.44966
0.87653,-0.035197,0.69089
0.21756,0.087949,0.12142
-0.7718,-0.25238,-0.93477
-1.1997,-1.1229,-1.3153
-0.082772,-0.16059,-0.082778
0.31781,-0.14295,0.1655
0.39453,-0.34038,1.9648
0.40726,0.19121,0.36419
1.0537,0.85013,1.0046
-2.3048,-1.4129,-2.3464
-0.12256,-0.28258,-0.86331
-0.97815,-0.62813,-1.2882
-1.0819,-0.18194,0.41735
-0.095687,-0.64544,0.20804
-0.41957,0.39629,-0.49999
0.73504,0.30378,0.083504
-1.4078,-1.0121,-1.0489
0.066853,-0.006136,1.3822
1.2533,0.58052,0.74599
-1.7586,-1.0966,-2.0017
0.17528,0.20922,1.0892
0.30404,1.0822,1.0775
0.53807,0.35206,0.86187
1.3334,0.72458,1.1782
-0.64895,-0.32544,-0.44527
-0.2832,0.26526,-0.081156
-1.1795,-0.63407,-1.3489
0.91425,1.533,3.6368
1.2861,1.4158,2.353
0.82486,0.31124,-0.70011
1.0068,0.59055,1.4723
1.4307,1.7279,0.076909
-0.13371,0.50864,0.038409
0.10011,1.2913,1.1459
1.04,-0.69455,1.6573
-0.69855,0.0056732,0.55876
-1.8256,-0.85351,-1.0831
-0.44434,-0.53864,-0.33851
0.3101,0.15501,0.33851
-0.67388,-0.051664,-0.60265
0.55391,0.74908,1.1643
-0.81631,-0.14822,-0.71202
1.6177,5.5105,3.5104
-0.067106,-0.84582,-1.7583
1.3455,0.67833,0.14772
0.090744,0.1513,1.5742
-0.5659,-0.80243,1.3709
-0.41134,-0.42005,0.60724
-2.0518,-0.86746,-2.7073
-0.32392,0.24785,1.4169
-0.64714,0.027503,-1.1611
-0.41409,-0.60674,-0.4756
-2.5889,-1.5051,-1.7385
0.50031,0.43716,0.44674
-4.9002,-4.1969,-3.7083
-0.057508,0.87093,-1.0074
-6.8958,-3.5519,-4.7856
4.6317,2.6068,4.3954
-4.5157,-4.8456,-5.5458
4.5251,2.5452,4.0094
0.52479,0.87777,-0.35793
2.1551,2.808,1.6203
-0.97863,-1.0167,0
0.094694,0.14005,-0.39525
-4.5619,-4.5637,-2.3238
-1.5123,-3.915,-2.5453
0.025801,0.9099,-0.29148
3.371,3.3037,3.0392
1.3035,1.474,0.7255
-1.5688,-0.71011,-1.3342
1.5008,2.1272,2.73
2.7888,2.0366,2.3098
0.23443,-0.063769,1.498
0.49099,-0.34836,1.4007
-1.1942,-0.92335,-1.477
-2.5607,-1.9864,-1.5767
-0.74641,-1.1262,-1.1304
2.8244,1.3237,1.9026
-1.0669,-1.2389,0.84257
-2.7069,-2.376,-1.8476
0.69416,0.6486,0.58108
0.90787,0.61994,0.57771
1.339,2.3045,1.7511
1.7041,1.6898,1.8322
0.56905,1.6906,0.48052
-0.98509,0.080942,0.33134
-0.16624,0.91418,-0.84891
-2.9831,-0.97774,-3.7384
-3.2402,-2.576,-3.6439
0.60636,0.4261,0
2.3068,3.0073,1.505
1.0632,1.8171,0.90004
-2.0908,-0.090094,-0.35122
0.80815,0.90829,-0.50951
-2.5291,-2.4293,-2.225
-2.8864,-0.90759,-1.4569
2.2239,0.83326,3.2487
1.7708,1.2003,2.1473
1.8138,2.7,1.7232
-0.81968,0.38457,-0.34229
3.3556,2.2927,2.5947
0.054386,-0.87187,0.22247
0.9747,0.6036,-0.14827
-0.29781,0.37538,0.81271
1.7231,1.9664,0.33057
-1.956,-2.0896,-1.0691
2.0213,-4.2087,1.2157
-1.273,-0.84761,-0.66128
0.45438,-0.078946,-0.33228
1.8634,2.4411,0.44279
1.2791,0.34075,0.11041
-2.0248,-1.0425,-1.4074
1.0481,0.88871,-0.82399
3.3717,2.126,2.4518
0.038915,0.8411,-0.99577
-2.5049,-1.5158,-1.3057
-2.834,-1.7925,-2.4326
1.5976,1.4072,0.076927
1.8608,1.8211,1.9795
-0.62998,-0.49238,-1.061
0.6276,0.50307,2.0736
1.1667,0.36379,1.3343
-3.7385,-2.712,-3.5986
0.85872,0.60725,0.30486
1.9293,2.1742,2.369
-0.9596,-0.016024,-0.55897
0.48056,0.74448,0.67543
-1.6756,-1.1349,-2.5375
-1.6943,-0.47803,-2.054
-0.039476,-0.26418,-0.94413
-1.8825,-2.0507,-1.1929
-0.41494,-0.093737,-0.84357
-2.2343,-1.8706,-1.2993
-0.26891,-0.50138,-0.69713
2.8821,2.8671,2.3186
0.22112,-0.69943,-0.12071
4.2403,3.8276,2.9356
-0.19105,0.76834,-1.1797
-0.024102,0.11079,-0.23764
1.0234,0.62024,1.8854
0.11051,1.0944,-0.15574
0.20163,0.57368,-0.23412
-2.1368,-1.2811,-0.78435
1.6742,1.5435,1.1742
-1.5026,-1.2308,-0.74203
-0.8724,-0.5374,0.97522
-1.1413,-1.2794,-0.66211
0.32379,-0.65922,-0.11733
0.3211,-2.1076,1.7068
-1.1802,-0.37113,-1.8242
2.9389,2.3506,1.9395
0.19476,-3.1301,-1.0427
0.82316,0.31362,0.1939
0.89945,1.4777,0.84878
0.0079105,0.10819,0.038408
-1.2557,-0.52038,-0.84845
1.065,1.1832,0.77161
-0.43006,-1.2431,-0.23086
1.5355,1.3075,3.0725
0.018791,-0.40878,2.3261
0.29394,-0.47543,1.0167
-0.25402,-1.1547,1.5415
0.2259,-0.5218,-1.325
0.88465,-0.15431,0.35983
0.030955,0.55552,-0.43193
0.23339,-0.97557,1.005
-0.49602,-0.77285,0.8889
0.35467,0.46773,0.035373
1.1047,0.5927,-0.1062
0.49265,-0.3042,-0.39042
0.066924,4.3363,5.5003
0.047123,0.77147,0.067307
-0.10263,1.0212,-1.3205
0.86417,-0.10426,0.74703
-0.57705,-0.39195,-0.2032
-0.15941,-0.27263,-0.91945
-0.25253,1.0654,1.2917
-0.045705,0.051935,-0.27055
0.88602,0.010376,1.2117
0.10945,-0.56747,0.20052
1.45,1.0956,0.96363
-0.042396,-0.4244,-0.13237
0.20213,0.27451,0.49547
0.21579,0.18154,1.0162
0.1473,0.093231,0.35814
-0.69101,-0.3683,-0.88135
0.6777,0.10391,0.26194
-0.093997,-0.20787,-0.42883
-0.53977,0.015586,-0.66335
1.0965,0.39974,4.0436
0.23462,0.20702,-0.12794
0.071966,-0.015539,0.60615
-0.33457,0.24789,-0.54216
0.42629,1.9108,0.31927
0.16708,0.075865,0.35003
0.13536,-0.11639,-0.4138
0.33507,0.22758,1.6451
-0.47482,-0.63336,-0.40873
0.61392,0.40578,1.718
-0.3251,0.64594,-0.65247
-0.38772,0.92622,-0.87668
-1.549,-1.7089,-0.75755
0.68769,0.25822,0.88327
0.977,1.0262,0.53251
0.36247,0.40459,-0.062495
0.016045,0.18922,0.15616
1.7969,1.3736,1.9472
-0.1197,0.46023,0.30563
0.59495,0.62327,0.2438
0.11188,0.0048721,-0.76394
0.3966,-0.14087,-1.2346
-0.3005,-0.71712,-0.65428
-0.18729,0.21517,-0.2504
-0.72326,0.3901,0.28165
0.3104,-0.0048931,0.031252
1.379,1.1083,1.7957
-0.28207,-0.28436,-0.21504
-0.49538,0.053095,-1.0199
-0.16092,0.47163,-0.2177
0.36916,0.18228,0.43492
0.74766,0.39224,0.092967
-0.39966,0.014329,-1.0899
-1.0255,-1.6605,-2.3121
-0.062924,-0.28189,0.9884
-1.1423,-0.25827,-1.3415
-1.7229,-1.2817,-2.0465
0.74213,0.12347,-0.39464
1.3685,1.3435,2.0545
-1.2553,-1.2349,-0.55027
-0.050373,-0.039472,0.87252
1.5368,2.3065,1.1516
-0.40635,-3.5923,-0.95878
-0.59521,-0.31031,-0.41834
0.11686,0.045116,4.4466
-0.84431,-0.49218,-0.92966
0.3673,0.69237,-0.6246
1.3552,1.7693,0.87335
0.6658,0.9825,-0.27989
0.24114,0.59655,-0.40568
-0.38911,0.13045,0.12503
0.56424,0.44331,-0.031253
-0.24998,0.028797,-0.65823
-0.76884,-0.39485,-0.12585
-1.6279,-1.0916,-2.4866
0.035052,-0.60676,-1.0709
-0.42879,-0.70231,-0.49058
-0.67248,-0.12416,0.84884
0.25142,-0.31355,-0.065035
-0.33931,0.28373,1.357
-1.1175,-0.86367,-1.5524
-0.57624,-0.2008,-0.88977
-0.44135,0.34608,-1.0314
-1.5166,-0.9255,-0.60386
-0.74152,-1.0209,-1.5257
1.5909,0.95516,1.6266
0.048622,-0.47642,0.033607
0.16923,-0.35631,-2.2083
0.13791,-0.015307,-0.13751
-0.2168,-0.91702,-0.034421
1.1018,1.1056,1.706
-1.4439,-0.98725,-0.74703
-0.22793,-0.84148,-0.51255
-2.4951,-2.0001,-2.5678
0.010955,-0.28602,0.35088
0.57105,0.34947,-0.14019
2.2788,2.5002,2.9037
-0.010647,0.23169,-0.40967
0.80814,0.35934,1.4266
-1.27,-1.3569,-2.562
1.1583,1.0541,1.3405
-0.7048,-0.74808,-0.54778
1.0757,1.0304,0.71834
1.0285,2.0295,2.2912
0.14437,-0.40767,-0.60138
0.97678,0.32223,2.8413
-0.16878,-0.07544,0.74637
-2.2513,-2.749,-2.5873
0.7149,0.16018,1.841
-1.6084,-0.43463,-2.7408
0.47614,-0.47294,0.50092
0.89448,0.54551,0.49841
-0.2112,-0.83247,-0.8655
2.4615,2.1604,2.248
0.24563,0.12771,-0.09814
0.62128,0.051076,0.65234
-0.4698,-0.32719,-0.19525
-0.94774,-2.0068,-1.6752
-0.16402,-0.91319,-0.63133
-0.81591,-1.8142,-0.87045
-0.0014924,-0.54377,-1.4905
-0.49996,-1.1728,-2.3133
1.6363,1.5823,2.62
-0.2317,-0.65804,0.16997
0.73824,-0.61884,0.74449
0.66583,2.4739,2.6287
0.27134,3.6971,0.7199
-1.0113,-1.4905,-1.8096
-0.8949,-0.84535,-2.8285
-0.90821,-0.2571,-0.44495
-0.031391,0.38802,-1.1039
1.6406,1.4908,1.1381
1.8901,1.2502,2.0367
-0.048348,0.14755,-0.40402
-0.43262,-0.35653,-0.5752
-0.29042,-0.40906,-0.20384
-0.7532,-0.37473,-0.75082
1.8861,2.0715,1.9003
0.23266,0.1208,0.67004
0.50938,0.58695,1.0297
0.062063,-0.025114,0.23106
0.04136,-0.30695,0.55894
0.21861,0.43751,-0.26264
-0.12527,-0.14061,-0.098666
-0.012815,-0.36246,-0.19895
0.1139,0.055453,0.23207
0.70754,1.2224,1.9023
0.18704,0.18903,0.38911
-0.0021175,-0.35847,-0.51915
-0.35037,-0.92697,0.19497
0.022638,-0.70726,-0.84771
-0.8105,-0.7889,-0.92107
0.6434,1.0522,0.98651
-0.048913,-1.0573,0.42451
-0.080851,-0.4199,-0.19568
0.084399,0.1077,0.065258
-0.78364,-0.88043,-1.0825
0.50605,0.76244,1.6356
-0.11666,-0.15923,-1.405
-0.10682,0.25669,0
2.023,2.0603,3.11
0.40418,0.20067,-1.2841
-0.61668,0.72421,-0.74594
0.31301,1.1479,0.22761
0.20905,0.24569,-0.032483
1.6178,1.263,0.51846
0.39511,0.21782,0.86887
-0.31296,0.16426,0
-0.12806,-0.038613,-0.096146
0.11849,-0.30956,-0.41781
-0.054088,-0.12118,1.28
-0.0075322,-0.097059,-0.83013
-0.22351,-0.33554,-1.3232
-1.0557,-0.1511,-1.2751
-0.57533,-0.47926,-0.72659
0.96027,0.93193,-0.033151
-0.44878,0.74511,-1.3351
0.2648,1.4453,-0.91138
0.087191,-0.2998,0.57481
0.36179,0.31878,0.67205
0.71488,-0.056992,0.5677
-0.032164,0.094965,-0.6012
-0.34627,-0.36628,-0.23479
-0.99402,-0.87603,-1.6932
-0.62073,-1.0488,-1.0299
0.019537,-0.029163,-0.10356
-0.29705,0.98654,0.85982
0.80455,0.54232,1.0561
1.0218,0.9859,-0.067788
0.41086,-5.0396,0.33852
-0.24467,-2.8668,-0.30461
-1.671,-0.82405,-2.9586
0.043949,0.53638,-2.26
-1.4549,-1.6336,0.17841
-0.30902,-0.27751,-0.53618
0.29911,0.46036,-0.071738
-0.072925,0.86782,1.1767
0.015587,0.64981,1.163
1.0867,1.3378,3.3761
-0.94237,-1.9049,-0.067757
0.21615,0.36638,0.4397
0.78225,0.4779,0.77326
-2.399,-1.5881,-2.6469
-1.228,-0.55605,-0.93279
0.16973,-0.24228,0.069387
0.013048,-0.20585,-2.1386
-0.39934,-0.49262,-3.2683
-1.3949,-1.5034,-0.92714
-0.15948,0.18313,-0.67289
0.48283,0.58479,-0.52651
1.9667,1.8077,0.78873
0.066317,-0.60602,-0.074845
0.23175,0.57448,0.89454
1.2942,1.6677,2.7449
-0.20316,-0.31574,-1.1255
-0.52403,-0.85916,-1.1382
0.78253,0.39144,1.0287
0.42606,-0.23467,-1.5099
0.016249,-0.76522,-1.2321
-0.47565,-0.31087,-0.71632
-0.17113,-0.063364,-0.22723
0.15836,-0.37565,1.1312
0.33011,0.55503,0.22473
0.29167,1.1791,-1.0152
0.03385,0.34843,1.7978
0.65275,0.81693,1.4007
0.044814,-0.64575,-0.29326
-0.63415,-0.49878,-0.47839
-0.4144,-0.11986,-1.1128
1.1801,0.96526,1.0759
1.1421,1.0635,1.6832
-0.76181,-0.31222,-0.91125
0.54731,-0.15904,1.3457
-0.94229,-0.69556,-0.83439
-0.24433,-0.52872,-1.431
-0.4799,-0.23416,-0.74184
-0.12192,0.39514,0.3716
-1.1111,-1.5057,-1.5324
1.68,0.90199,0.60083
2.5086,2.475,3.3502
-0.20878,-0.55157,-1.3487
0.48533,-0.65765,-1.8893
-0.3128,-0.43912,-0.18715
-0.32476,-0.1399,-0.52593
0.26523,-0.28558,0.56337
0.75687,0.29077,-0.90292
-0.0047515,0.81068,1.3886
-0.09311,-0.94558,0.22339
0.1128,-0.062313,1.183
0.019697,0.046722,-0.62673
0.56271,0.5489,0.77359
0.33975,0.42256,0
0.44183,0.82447,-0.36764
0.15063,4.3121,1.6801
0.00066142,-0.14666,0.072394
0.54307,0.26871,0.90078
-0.18513,-0.019538,0.10754
0.5093,-0.50386,0.35764
-0.39072,-0.18656,-0.57285
-0.25666,-0.22133,-1.4467
1.0003,1.0337,1.7335
-1.1606,-0.67977,-1.7699
1.0363,-0.4919,0.21843
0.054902,-0.45661,-0.58353
-0.1807,-0.63881,-0.21969
0.5642,0.96659,0.98485
-0.06063,-0.75653,1.1189
0.1594,-0.059963,0.071769
0.059209,0.024997,0.53657
0.069043,-0.22016,0.03569
-0.10456,0.66396,-0.10707
0.73097,-0.32892,0.96725
-1.2482,-0.50548,-0.64379
-0.6323,-0.49292,-1.3728
0.87342,1.382,0.97736
-1.8479,-1.7963,-1.4148
0.60909,0.82189,0
1.2646,1.5892,1.5948
-0.086445,-0.74411,-0.03598
0.23212,1.0304,0.53814
0.46001,1.1174,0.71301
0.95206,0.65091,0.70796
0.10839,0.89177,-0.92132
0.18148,0.49786,0.17784
0.44711,0.45736,-0.49876
0.32438,-0.14271,-0.46536
-0.24061,0.22347,0.14341
0.13132,0.71461,0.03583
0.55874,1.7483,0.78489
-0.16198,-0.40863,-0.356
-0.55256,-0.79881,0.21375
-0.24255,0.10779,0.28429
0.66752,0.75614,0.49558
-0.83169,-1.3105,-0.74426
0.71486,-0.084816,0.49677
-0.33456,-0.63385,-0.31909
0.7755,0.76581,0
-0.058852,-0.69466,0.74295
0.40485,1.1363,0.84241
-0.44836,-0.43226,0
0.51589,0.92798,0.66192
-1.0602,-0.79621,-0.83683
0.40403,-0.63683,0.13995
-0.43041,-0.90323,0.34905
0.6283,-0.042984,-0.38402
0.35381,-0.047787,3.5055
1.2115,1.32,2.2376
0.3546,0.43303,-4.5263
-0.28408,-0.7259,-0.51964
-2.3234,-1.008,-0.34794
1.4206,1.3009,0.97121
-1.4431,-1.1051,-0.48445
-0.67236,-1.2092,-0.13882
0.8809,-8.6419,3.3473
0.46508,-1.1487,3.4987
1.0365,1.9925,-0.74882
0.00063403,0.052169,3.7207
0.40266,1.1617,0.56516
-0.18438,0.18544,-0.47074
0.71603,2.4604,2.5467
0.24818,1.6879,1.4914
-0.93515,-1.4472,-1.1547
0.9364,1.3731,1.3358
1.048,1.042,0.99023
0.1906,-0.8495,0.77338
0.52166,0.4183,-1.3123
0.41305,1.0503,-0.96532
-0.36939,-0.77441,-1.0053
0.43123,0.60337,0.09181
0.0042889,-0.98296,1.0347
1.0091,0.36483,2.2012
0.51011,0.054106,0.94983
-0.50223,0.67156,0.67716
1.0247,1.8155,2.2916
-0.070787,-0.40381,0.60043
0.17209,0.50449,-0.65782
-0.83081,-0.79876,-0.69103
-0.29281,-0.40178,-1.338
-0.055152,-0.21367,0.35077
0.6321,0.9964,2.1649
-0.70729,0.067326,-0.40055
0.36636,0.6902,0.4291
-1.4411,-0.64211,-0.37181
0.59184,0.44605,1.9578
-0.5526,-1.3297,-1.7002
-1.3876,-1.6874,-0.60199
0.84545,0.52148,0.51622
1.275,1.2435,2.0105
-0.034687,-0.64662,-0.56228
-1.0205,-0.50856,-1.7921
-0.84048,-1.3723,0.45822
1.4676,1.2692,-0.80323
-0.59024,-0.77345,-0.92594
0.75389,0.41459,1.7292
0.7761,0.89726,-0.057199
-1.3948,-1.4405,-1.1212
-2.5328,-2.2992,-3.2318
0.26662,-0.9623,-0.65908
-1.2219,-0.98717,1.3435
0.94525,0.74128,-0.1484
0.95448,-0.061561,1.9995
0.61807,0.4046,0.78294
-0.42988,-2.3478,-0.23136
0.53892,0.088898,-0.52245
-0.054506,0.11495,-1.2299
0.082371,0.90971,0.20603
1.015,0.86556,0.58634
0.52378,0.02566,0.35016
0.72037,-1.9054,0.058248
0.018158,0.49535,1.0138
1.3463,0.28568,2.8131
0.30817,-0.37932,-0.056054
0.13739,0.99983,1.392
-0.37157,-0.077343,0.27614
0.27702,0.36043,-1.4721
0.50203,1.7527,-0.84292
0.16088,-2.2732,-12.103
0.2031,0.28379,1.9241
-0.18537,0.4575,-0.59534
-0.38185,0.83251,0.43901
0.25532,0.30976,-1.7996
0.082795,0.065909,0.73005
-0.3743,-0.57932,-0.25331
0.037375,-0.10198,0.97807
-0.013642,-0.49613,-0.031399
1.2463,0.39404,-0.53535
0.16391,-0.3325,0.69226
-0.14809,0.17405,-0.59757
-0.57395,-2.3339,-0.37928
-0.38131,-0.78183,1.5085
0.38779,-0.33467,2.556
-0.35763,-0.058529,-0.57937
-0.11536,0.67389,0.51853
0.27722,-0.35497,-1.2641
-0.51901,-0.47345,0.37162
-1.4385,-0.93221,-1.7462
-0.33101,-0.24248,0.031426
-0.59178,-0.60072,-1.2977
0.38139,0.17895,0.73004
-0.57964,0.16245,-0.031615
0.85824,0.17832,2.4376
0.39392,0.12414,7.033
-0.40478,-0.3674,-1.7417
-1.6002,-1.0885,-2.6407
0.27439,-0.31789,-0.72421
0.19615,0.26316,1.5923
-0.31794,-0.20279,-0.4481
0.41556,0.92293,-4.6577
0.80842,-0.45223,-2.1561
0.12091,0.55544,0.096108
0.005443,-0.61006,-0.25649
0.99433,1.0598,1.624
0.73189,0.87199,2.2796
0.30476,2.1734,1.0748
-0.33861,0.015723,-0.15283
0.2711,0.75216,1.0347
0.5677,0.50868,-0.69877
0.42089,-0.51389,0.39557
1.2104,1.1692,1.1774
-0.18447,-0.53121,0.95581
-0.72431,-1.7579,-2.5592
-0.47308,0.50918,-0.15259
-0.26005,-0.53552,-0.88971
-0.27432,-0.26352,0.18472
0.34794,0.39505,0.7966
-0.40821,-1.7501,1.5143
-0.60475,-0.93519,0.030028
0.79667,0.64594,0.89743
-0.066689,-0.76482,1.0074
-0.902,-0.5965,-0.17705
0.70285,0.13049,0.059054
-0.85427,-1.1418,-1.7267
-1.2409,-1.8241,-0.87469
0.057374,1.4443,0.1816
2.1596,1.8848,2.065
0.62666,0.7495,1.09
0.40664,0.43414,0.93326
-0.70888,-1.2432,0.11602
1.3733,1.1147,0.43397
0.67213,-6.585,0.80504
0.65274,-0.60238,0.11448
0.0091732,-0.5308,0.085786
0.57211,1.2132,-1.1787
-0.47358,0.45616,-2.3999
0.32528,1.1483,-0.11854
0.43852,-0.53575,5.79
0.13288,0.28235,-0.44883
0.55687,2.654,-0.14065
-0.48878,-1.0876,0.056276
-0.38468,-0.52316,-0.36644
0.28992,0.011151,0.3383
0.35642,0.57859,1.1473
-0.28095,-1.3516,1.929
0.42565,1.2862,4.1171
-1.327,0.451,-1.7971
1.3338,-0.0055559,0.74388
0.072267,1.5929,-0.50418
-0.23732,0.10387,-0.61375
0.80628,0.26185,2.1187
0.48256,-0.73273,-0.36753
0.42131,0.53639,-0.47459
-0.37051,0.69629,-1.7057
-0.20451,0.42196,-0.48879
-0.36422,-0.032406,0.92119
0.80957,-0.574,0.85928
0.49492,-1.5489,0.45353
-0.12641,-1.3102,0.18615
0.014979,-0.91511,-0.77347
0.2482,0.93185,0.66713
-0.0786,0.39595,1.3997
-0.27227,-1.232,0.8357
-0.3198,-0.79195,-0.36475
-0.13043,-0.19327,1.6311
-0.4349,0.19327,-2.4436
1.1175,0.89895,0.94289
0.18155,-0.11825,0.90829
-0.31847,-0.19179,-1.5621
-1.1381,-1.0899,-1.3207
-0.37777,-1.05,-1.0424
-0.010142,-0.32933,-1.4342
0.63002,2.8806,0.54363
-0.31058,-1.1821,-1.0081
1.6511,1.6589,0.16416
-0.05801,0.84699,-0.90623
0.48072,-0.11104,1.5058
0.5304,1.2202,-0.49035
0.29115,0.54181,1.2483
0.47343,1.1558,0.9662
-0.033664,-0.14578,-0.40147
-0.017927,0.71602,0
0.39519,0.62037,0.32131
-0.89014,-1.0936,-0.67052
-0.033302,0.59651,-0.67503
-0.25149,-0.34352,-2.1359
0.60633,1.975,0.77198
-0.021223,-0.92142,-1.8014
0.034825,-0.31439,-0.64521
0.2304,-0.064066,1.4252
-1.2656,-1.6693,-2.9853
1.076,0.95113,2.2612
0.51529,0.97416,2.7021
-0.1348,0.54183,0.35305
-0.39028,0.70213,-1.3921
0.27699,-0.87709,-0.57893
0.05747,-3.3347,-0.66573
-0.89293,0.26302,0.36119
-2.1096,-1.7055,2.0585
-0.48882,-0.97333,-2.1418
0.61219,-0.59197,0.66389
-1.0262,-0.25479,1.0695
1.1204,0.54276,0.5441
-0.64863,-0.38415,2.624
-2.3097,-2.1627,-3.6603
0.7612,-0.034701,-0.357
-0.20303,0.80676,-1.4688
1.2363,0.79317,1
1.3214,1.4663,1.0448
0.1568,-0.06207,0.6543
1.1001,1.4348,1.0004
-0.02693,0.30006,0.80388
0.57932,0.88378,0.37292
0.47977,1.0122,0.026577
0.11578,-0.27258,0.21402
-0.65459,-0.1311,0.24024
0.60133,0.71349,0.63778
-0.19206,-0.80098,0.60743
0.61675,0.36044,-0.76648
-0.13486,-0.12002,-0.39878
0.00217,0.45197,-0.18665
0.49359,0.65525,1.0355
0.27788,-0.053982,1.1816
-0.74059,-0.49268,-1.3931
1.5152,1.1762,1.6538
-0.0053352,0.37473,-0.78409
0.17169,0.26683,0.10491
0.053794,0.021312,-0.65749
-0.046335,-0.68971,-0.21128
-0.50951,0.19832,0.52741
0.030512,-0.28957,0.65542
-1.177,-1.2537,-0.99794
-0.28258,-0.92323,-0.50269
0.95677,1.9565,0.92409
0.71937,0.53677,3.8665
-0.61505,-1.1305,-0.71048
0.60223,1.7123,2.6635
-0.2937,-0.65675,-0.42241
-0.48766,0.84283,0.84303
0.43943,3.5434,-0.39582
-0.70249,-1.2485,-1.3728
-0.19019,-1.459,-1.0866
0.46295,0.32608,2.3601
0.78929,1.0655,1.6977
0.70147,1.0388,1.0435
0.28493,-0.48962,-0.16916
-0.11271,-0.44531,-0.82561
-1.2617,-0.47861,-2.8192
-1.0808,1.4238,-0.1757
0.37435,-0.63432,0.050218
1.0859,1.7183,1.6192
-2.1106,-0.48941,-2.7811
-0.95321,-0.25072,-0.38183
0.81837,1.3131,-0.076547
0.67346,-0.37995,1.4443
1.0434,-0.31519,1.622
0.13629,-3.3077,-0.97004
0.3768,1.1824,-0.17512
0.40838,-0.062432,0.12511
-0.22158,-0.21883,-0.75302
0.17155,-0.7907,0.42741
-0.81293,-0.31062,0.12537
0.32308,1.8341,2.3769
0.47495,1.0148,-0.88475
0.29875,0.69461,-0.2719
-0.014327,-1.5077,-0.99505
-0.13494,-1.0858,-0.77802
0.18695,-0.094083,-0.65722
-0.9029,-0.64516,-0.9428
0.56008,0.19566,0.91741
-0.13746,-0.20624,0.55656
0.15183,0.61742,-0.2526
0.96263,1.3015,1.0816
0.042167,-0.19752,1.8225
-0.47121,-1.822,-0.4463
-0.94059,-1.2048,-1.6032
0.374,0.32127,0.57913
0.38374,-0.032067,-0.20104
-0.65196,-1.1348,-0.17629
0.80833,0.808,1.6744
0.23594,-0.38166,-0.62153
0.42394,0.13994,0.049871
0.597,-0.6258,0.17433
-0.11147,-0.92427,-0.44887
0.53528,0.37071,0.82142
0.1842,0.32599,1.4764
0.072756,0.71885,-0.36704
-0.037929,-0.71341,-1.2334
0.18899,0.075899,0.074419
0.65041,0.79355,2.1833
0.46171,0.20949,0.65303
0.093833,-0.080515,-0.50753
-0.024601,-1.0418,-0.38845
-0.35433,-1.1131,-0.60998
-0.71141,-0.56676,-0.68763
0.31297,0.73668,1.5891
0.083636,-0.11507,0.65273
0.21702,-0.04937,0.4328
0.76892,0.73252,-0.072
0.12767,-0.42573,-0.33673
0.17286,-0.69709,0.40873
-0.013247,0.32444,0.74101
-0.64561,-0.69417,-0.57322
0.48856,-0.088509,0.66843
-0.11796,-0.19387,-0.7403
0.1909,0.7402,1.2624
-0.037233,-0.24244,-1.3103
0.66556,2.7639,0.40685
0.06586,1.0887,0.07163
0.54646,0.074298,-0.23896
-0.39312,-0.26026,0.45352
-0.70738,-0.43702,-0.50138
0.46335,0.63893,-0.26362
-0.41396,-0.38289,0.047953
0.14698,0.15974,0.9549
0.48319,0.98448,0.11871
-0.1934,-0.72418,0.73298
0.41923,2.0324,3.7679
-1.1905,0.067537,1.0157
1.0213,0.0052091,0.35865
-0.23229,-0.86085,0.33509
0.50036,1.6834,-0.022294
0.17529,-0.23729,0.089191
0.048804,0.82804,-1.053
-0.48609,-0.43117,0.22497
0.028811,0.70737,-1.1982
-0.45381,-0.61996,-0.18213
0.0060911,-0.29338,-0.70881
-2.0202,-1.2083,-0.96843
-0.28632,-1.3235,-0.6975
0.71633,0.25873,1.1829
-0.97327,-1.3485,-0.67089
0.0015638,-0.016117,-0.79238
-0.55721,-0.90202,1.14
1.1465,1.2563,-0.069408
0.27556,0.44907,0
-0.1638,-0.069363,0.73798
0.66848,0.32509,1.2786
0.43364,-0.037254,0.43011
-0.0061375,-0.26646,1.1677
0.84955,1.0511,0.71192
0.49882,0.37427,1.1091
0.24747,0.015778,-0.84182
0.29455,0.59265,0.59889
-0.19946,-0.42972,-0.15494
0.47764,0.39311,0.044285
0.10505,0.95274,-0.35485
0.0049986,-0.38417,-0.31152
-0.16913,-0.13011,0.022275
0.33149,0.15613,1.2181
-0.054421,-0.38556,-0.75126
-0.077944,0.20339,-0.2887
-0.15356,-0.66382,0.66504
0.50232,0.27232,1.4259
-0.30778,-0.55591,1.2124
-0.65665,-0.078918,0.6221
0.36394,0.8125,0.17095
0.088152,0.093943,0.34099
-0.59804,-0.22977,-0.64031
-0.07104,0.2767,-0.9899
0.74565,0.59777,1.1183
0.12948,-0.082953,-0.51458
0.48793,0.49153,0.34336
-0.047738,0.12895,1.7835
-0.80456,-0.45983,-0.97271
-0.57932,-0.77458,-1.0682
0.7802,0.35946,1.1106
-1.6301,-1.7309,-2.2338
0.85393,0.55397,0.80045
-0.25501,-0.22122,0.064609
-0.27898,0.10013,-0.17243
-1.3337,-1.4112,-0.99715
0.00051434,-0.13897,-0.30551
1.1104,0.9372,0.71858
-0.15664,0.19591,0
-1.5242,-1.7772,-1.2224
1.7311,1.9464,2.7084
-2.0878,-1.5648,-2.0081
-1.1517,-0.26319,-4.0504
-1.6605,-1.3047,-0.86678
0.15776,0.15247,0.18312
-0.81333,-1.1216,-1.1731
0.014497,-1.0565,-1.1168
1.2802,1.2214,2.061
0.91011,-7.3791,1.0261
1.9385,-3.533,1.7986
-0.73261,-0.88609,-1.1203
1.2228,0.24077,1.4318
0.70287,-0.061667,2.4357
-0.15027,-0.12967,-0.47804
1.1868,1.0631,1.2554
-0.13863,-0.085596,0.27923
0.62108,0.54299,-1.2302
1.1663,0.030428,1.9356
-0.011893,-0.024341,1.0382
-0.28339,-1.0458,0.27365
0.56843,-0.51162,0.60778
0.37684,0.45939,1.7399
0.034953,0.37709,-0.041077
0.31153,0.87234,0.43046
0.069645,-0.11629,-0.040933
-0.070136,-0.84866,-0.18432
0.05297,0.53587,1.6872
0.024024,0.83805,-0.06048
0.073509,0,-0.24232
0.51208,-1.3924,-0.83768
-0.15023,-0.28456,-1.0726
0.19652,-0.49057,0.99054
0.52232,0.17417,-1.4895
0.28599,0.76142,-0.81617
-0.11507,-0.2408,-0.25248
0.28021,0.11739,0.58813
-0.25457,0.13577,0.12558
-0.68528,-0.38927,1.68
0.63642,0.6971,-0.32962
0.37577,1.1309,-0.78723
-0.11626,-0.2861,1.5683
0.16638,-0.47659,-0.86367
-0.7283,-0.86737,-1.4981
-0.023785,0.69571,-0.2309
-1.6486,-1.5333,-1.4605
0.45254,0.3483,0.57405
-1.6346,-3.5965,-0.46751
-0.63628,-1.5044,-0.59816
-0.85253,-1.0838,-3.289
2.0148,0.34283,1.2761
2.3731,3.7148,3.8177
0.45596,0.525,0.2942
0.38032,1.8316,0.66917
0.17448,0.49429,0.97483
-0.013931,-0.25923,-0.64191
0.33041,0.32084,-0.54155
0.08614,-1.1337,-0.90214
-0.49006,-0.287,-0.91035
-1.0364,0.24337,-1.2197
-0.034002,1.0047,0.66517
-1.8447,-1.586,-0.92385
-0.89333,-2.1802,-1.4786
1.1563,-0.65572,1.2625
1.773,2.1502,2.8994
-0.84393,0.43461,-0.84405
-0.81266,-1.6923,-1.2582
-0.25819,0.23623,-0.51633
-0.583,-0.64617,-0.86657
-0.92909,-0.7926,-1.0499
1.3335,1.649,1.6573
0.15488,-0.12098,0.32388
0.47205,-3.1455,-1.0183
1.5154,2.1466,2.6009
-0.55067,0.30842,0.10603
0.25652,0.31389,-0.36098
-1.3478,-1.7354,-9.7098
-1.3588,-1.3892,-3.5066
0.94895,2.5602,1.9712
-1.3077,-1.4055,-3.9078
1.2879,0.87673,2.1548
1.4336,2.4336,0.77221
-0.41647,-0.95744,0.5753
1.0239,0.60343,1.4474
-0.3424,-0.057403,-0.094263
-0.42562,-0.62086,-0.11797
1.0619,1.7881,0.56497
-0.0029034,-0.22729,-0.51777
0.95983,0.20207,1.6615
0.40665,1.179,1.794
0.15963,0.34851,0.045887
-0.031436,0.76128,-0.11479
-0.10626,1.0427,-0.068939
0.61078,-0.14654,0.82417
-0.030339,-0.4532,0.65903
0.2755,1.1717,-0.13599
-0.076602,-1.2331,-0.22707
-0.14771,-1.1987,0.15899
-0.29607,0.66294,-0.47778
0.61062,-0.90567,0.068409
-0.45489,0.34214,-1.3768
-0.43982,-1.0048,-0.50961
0.11954,1.098,0.11605
-1.4275,-1.6767,-1.755
0.39367,1.422,1.1501
-1.7107,-1.8583,-1.9322
-0.19195,-0.64207,-0.11905
1.2523,0.74974,-2.3133
-0.60932,-2.3699,0.87378
1.3443,1.7986,0.43405
-0.33257,-0.07642,0.33631
1.2085,1.7995,1.9003
-0.48845,0,-0.49533
0.89724,1.9028,1.3855
-0.17473,1.0687,-0.046673
-0.61583,-0.99506,0.093298
-1.4666,-2.3589,-3.4143
-0.23803,0.86929,-0.6048
0.23658,-0.11836,-0.58409
1.2162,1.4053,-0.024418
-0.88347,-1.343,-0.73509
-0.39733,-0.82584,0.14744
0.35235,0.79465,-1.0616
0.65871,0.98611,3.0794
-0.2064,0.018495,-0.048147
0.26789,-0.13581,-0.26523
0.44476,0.30227,0.14478
0.51894,0.3198,0.57691
-0.45918,-0.29514,0.095825
0.16284,-0.049301,-0.26377
0.5135,1.1212,1.454
-0.077875,-0.61115,-0.23689
-1.1376,-1.5195,-1.2891
0.91927,3.3599,3.0524
-0.14817,-1.1501,-0.63123
0.50746,0.66744,0.81748
0.23549,2.9084,0.81085
0.22503,-0.27057,9.9413
-0.41499,0.55798,0.33367
0.27654,1.8512,2.3255
-0.37473,0.27561,-0.20363
-1.0181,-1.7994,-0.85979
1.0864,1.3799,0.041128
0.29364,0.17259,-0.8669
-1.1908,-0.51288,-1.3356
-0.44657,-1.0122,-2.8123
0.37667,0.55125,0.90343
1.3368,0.98351,2.2235
-0.51026,-0.90752,-0.799
-0.2954,-0.33364,-0.042239
-0.0305,1.0093,0.58962
1.0722,1.0222,2.2627
0.076812,-0.45492,-0.86581
0.30433,-0.11551,-0.60223
-0.064358,0.2424,-0.25188
-0.093095,0.16128,0
0.23351,-0.24201,-0.33684
-0.22364,-0.64822,-1.1026
-1.0335,-1.221,-0.6632
0.91209,1.0932,2.1657
-0.12676,-0.16873,-0.33662
-0.63385,-1.207,-1.2512
0.20573,0.31193,0.78648
-0.10091,-0.31193,-0.65852
0.21166,0.15904,-0.1493
-0.86606,-0.91046,-1.0514
-0.14372,-0.5837,-0.47566
-0.64956,-1.2382,-0.89258
0.041827,0.20542,-0.17508
1.197,1.9367,2.0811
0.17371,-0.082901,-0.3654
-0.70189,-1.0662,-1.0172
-0.46333,-0.43812,-1.0716
0.56737,0.34825,0.76661
0.19777,0.1976,0.30503
0.9854,0.64398,1.6183
-0.53176,-0.75171,-1.3359
0.60764,0.44215,0.2816
0.063567,0.52921,-0.6946
-0.73805,-0.98334,-0.58985
-0.2978,-0.53445,0.021923
-0.039016,-0.37401,-0.85803
-2.1087,-1.5164,-1.986
0.2655,-0.19039,-0.49705
0.69121,1.1188,0.67719
-0.030807,0.3641,-0.11254
-0.38692,-0.21829,-0.022552
0.60626,0.16377,-0.20293
-1.6793,-1.1214,-0.13553
0.22596,0.42202,0.63092
1.2263,1.8743,0.20192
1.1005,1.445,2.0633
0.44433,-0.45563,0.1755
-0.073526,-0.047454,0.30642
0.79827,1.455,1.9477
0.11056,0.87915,-0.085763
0.077094,0.41074,0.64144
-0.42708,-6.0383,0.76434
-0.23906,-1.6821,-3.7496
-0.56922,0.85694,1.2439
-1.0761,-1.2318,-0.36938
-0.57918,-0.42654,-1.2926
1.231,0.61419,-0.022023
0.72921,0.64769,2.0736
0.0028367,-0.080765,1.2665
-0.22741,0.63791,-0.3847
-0.27607,-2.0456,0.23527
-0.22522,-0.70185,1.5474
0.31098,0.19015,0.084122
-0.77832,-0.17896,-2.0383
-0.2879,-0.77061,0.25707
1.2727,1.0453,1.2544
-0.96031,-0.79422,-1.9629
0.09496,0.41711,0.70855
-0.1276,-0.70045,-0.021396
0.39043,0.43756,0.57611
0.51979,0.35888,0.67855
-0.2629,-0.1921,0.55155
-0.82891,-1.3357,-1.4061
-2.1326,-0.83496,-2.0592
-3.2369,-2.5274,-5.8396
-4.0211,-3.6813,-3.2805
-1.3614,-1.7649,-2.946
3.8291,3.9914,5.3872
2.4007,1.2464,2.7481
0.060855,-0.37772,0.06833
-0.84271,-0.060838,-0.93766
-3.0023,-3.5864,-3.9846
1.8128,1.6474,3.6163
0.11641,1.1856,0.32234
-1.5448,-2.1207,-2.0672
2.4774,2.4268,2.9597
-1.3995,-1.4917,-1.886
0.52641,0.78967,0.5095
0.4477,0.7971,0.43792
-0.4098,-1.174,-1.0171
1.275,1.2825,2.1605
0.86677,0.59473,0.72497
-0.25643,-0.18207,-0.11293
-1.6296,-2.4809,-1.7554
0.45554,1.354,1.4386
-1.2395,-1.4094,-0.47723
-0.20507,-0.53454,-0.06836
-0.33687,0.52069,0.09115
-0.04659,0.69694,0.068298
-2.6001,-2.0144,-1.4903
0.12321,-0.035065,0.3459
1.8896,1.7395,1.8701
0.19719,-0.95649,0.78768
1.4214,0.68711,2.1291
1.8125,3.0382,2.2995
-0.35947,-0.17462,0.25701
0.80035,0.87666,0.1069
0.87798,1.4486,1.3793
0.072485,0.072183,-0.71912
0.12747,-0.82363,-0.23378
-0.68488,-1.0108,-0.23432
-0.47274,0.26033,-0.44888
1.4744,0.053318,0.70447
0.45601,0.19967,1.058
0.027051,-0.78101,0.23127
-0.14221,-5.9218,0.31449
-0.58424,0.19889,-1.2004
1.6491,2.2246,1.7432
1.097,0.40863,9.601
-0.19149,-0.70749,2.5767
-0.25574,-4.1211,-1.0376
1.177,2.1315,0.53867
-0.044988,-0.19901,-1.1552
-0.48215,-0.33495,-1.3585
1.1804,0.20679,1.1334
0.27244,1.07,1.6948
-0.35517,-0.17637,0.46062
-0.11328,-1.2362,-0.036764
-0.034768,-0.24564,0.98811
-0.98713,-2.1495,-1.3935
0.15095,0.11818,-1.2074
-0.32333,-0.33273,0.2613
-1.4089,-1.4773,-0.617
-1.1271,-0.97434,-0.9043
1.4793,1.4767,1.7447
-0.13403,0.082235,-0.82723
1.6033,1.4835,1.6477
-0.11237,0.67507,0.16699
0.3803,1.2789,0.46241
-0.12356,-0.028888,0
0.12213,0.10107,0.11067
-0.012914,-0.43383,-1.0376
0.059344,0.33277,0.44601
-0.46518,0.69095,0.77577
1.0624,1.3253,1.5881
-1.1057,-1.1247,-0.018134
-1.4478,-0.55991,-1.8463
2.0318,1.0811,3.1062
-0.7014,-0.62863,-0.17902
-0.65111,-1.0807,-0.035841
-0.77691,-1.0486,-1.4625
0.22489,0.12436,0.52608
-1.9614,-1.6289,-2.2136
0.47443,1.0055,1.9781
1.0563,1.3591,0.10877
1.4411,1.0827,1.6707
-1.5155,-1.8404,-0.76902
-1.7957,-1.3621,-2.8592
0.77483,0.4438,1.2849
0.87781,1.7775,0.94391
1.2342,0.44127,0.84556
-0.15999,-0.20955,-0.2691
-0.21809,-0.464,0.50173
1.0574,1.5646,1.0667
-0.72434,-0.31528,-0.4253
-0.94565,-1.2421,-1.485
-1.5422,-1.2209,-1.2332
0.20102,-0.073589,0.45517
-1.3202,-0.50182,-1.8332
-2.3986,-1.7237,-3.5402
-1.0898,-0.9301,0.30623
0.085291,1.2082,-0.057352
0.77725,-0.24799,0.91359
-2.5282,-1.3103,-2.1836
1.6558,1.3178,2.8069
-2.1836,-2.1907,-4.0736
0.053168,-1.4876,-0.84687
-1.1763,-5.0016,0.45388
0.5182,0.85796,-0.61223
2.0081,-0.33415,3.5228
-1.5762,-0.34343,-0.96081
1.4045,0.41688,0.73106
-1.0923,-1.3386,-1.8378
0.55134,1.0363,1.6267
2.4459,2.081,5.6571
-0.044333,0.032052,-0.69218
-1.8921,-1.5256,-3.1755
0.49796,1.4375,-1.5976
0.15256,2.3221,-0.30721
-1.8654,0.71816,-3.6026
-1.4255,-0.22814,-1.5065
-0.066384,-2.3184,-0.26345
-0.018897,-3.1772,0.86878
-1.2377,-1.9661,-0.040232
1.933,2.6709,1.617
1.6382,1.3947,1.877
1.6346,2.7007,2.5699
-0.46766,4.913,-0.43971
-0.0026033,0.47454,-0.71148
1.4351,0.51715,1.589
-1.2533,-1.0295,-2.8317
0.443,0.30169,0.35109
1.1284,1.272,1.4305
-0.18719,-1.8535,-1.5474
-0.81541,-0.76031,-0.82208
2.3588,2.5171,3.2866
0.40859,1.4261,0.70122
0.34926,1.0945,-1.1396
0.33004,0,-0.61315
0.088462,1.691,-1.9407
-1.1304,-0.77356,1.2077
0.50397,0.95892,2.2778
0.015579,-0.15682,-1.5064
1.6263,1.5361,1.9407
-0.12618,0.29458,0.18825
-0.18386,0.12599,0.78683
0.55847,1.272,1.4082
0.65736,1.542,0.56876
0.4396,0.033979,-2.1637
0.098509,1.0415,0.68934
-0.087777,-0.3572,0.38913
-0.64065,-1.8399,-0.18511
-0.037814,1.7386,0.44371
0.054511,0.30369,-1.2436
0.8778,0.62472,2.1617
0.43409,-0.61797,0.61955
-0.20418,2.0277,0.32642
0.6311,0.70402,0.61374
-0.32135,-0.29546,-0.25226
-1.0196,-1.3706,-1.582
1.0453,0.013355,1.0211
-1.2048,-1.1869,-1.2046
0.27827,0.73925,-0.073486
-0.27435,-0.067006,-0.20231
0.96158,0.25429,0.62408
0.99901,1.0636,1.2727
0.017291,-0.04629,0.01806
-0.098477,0.36979,0.52249
0.65197,0.53246,1.445
0.30797,-5.7548,-0.12406
0.076125,1.4546,-1.4288
-0.52076,2.1598,0.34119
0.0047859,-0.53725,-7.4411
-0.18137,0.20853,0.63529
0.1871,0.18129,-1.2941
0.1648,0.92805,-0.97676
-0.92736,-2.2855,-2.0627
-0.50759,-0.7713,-0.060133
0.77796,-0.46014,1.473
-0.87145,-0.78784,-1.6536
-0.59546,0.083218,0.18063
-0.023904,1.5273,0.14026
0.31696,1.5187,0.89705
0.075321,0.03395,-0.63707
1.2406,1.7692,1.8796
-0.96075,-0.68244,0.058778
-0.016948,-0.073866,0.89704
-0.85144,-0.75532,-0.83828
0.9749,1.171,1.4576
-0.94559,-0.98164,-1.8828
0.020516,-0.44693,0.59218
-0.37136,-1.6492,-0.96905
0.60015,1.5881,0.59443
-0.20876,-0.3265,-1.1724
1.3589,1.0438,3.0705
0.69505,2.2534,1.0221
-0.021047,0.49321,-0.44227
0.42777,0.26205,0.82527
-0.10058,0.58715,1.2913
0.11344,-0.80329,-0.28342
0.28207,0.64704,-0.70255
-0.29161,-0.39817,-1.3235
0.48853,-0.10473,0.65435
0.12886,0.39211,-0.057571
0.33041,0.43601,-0.11523
-0.17192,-0.37736,-0.81034
-0.92175,-0.68674,-0.27158
-0.81483,-0.71794,-2.6374
-0.18005,-0.14552,-0.62019
-0.18424,-0.25188,-0.28135
0.31281,0.25188,1.3989
-0.32633,0.61376,-0.5173
0.57914,1.0602,-0.11977
0.27084,0.28604,2.2122
-0.16529,-0.73625,-0.39145
1.3276,1.5766,1.7882
-3.6581,-5.8041,-4.0894
-1.8262,-2.1305,-2.8498
1.7614,1.5215,2.064
1.6889,1.8766,2.2005
1.3474,2.2116,1.2388
0.19467,0.37484,-0.019541
-0.6871,-0.44076,0.019541
0.53387,0.45388,0.40956
-0.087196,0.15085,0
1.5138,1.2115,1.7747
0.34028,0.56167,0.55297
0.69848,1.0949,1.172
0.013476,0.62212,0.56221
0.52454,1.4201,0.42892
-0.092938,-0.31246,-0.074465
0.23795,0.050061,0.483
-0.14362,-0.1753,-1.6254
0.42612,1.1093,5.1755
-0.36191,-0.56559,-0.19694
0.45436,1.0046,1.3705
-0.3016,0.35721,0.28244
0.032273,-0.32638,0.052866
-0.11993,-0.17905,-1.0093
0.16049,-0.28465,0.035589
0.163,-0.46585,0.83268
-0.12706,0.51542,-0.17657
-0.63819,-0.54031,0
0.3129,0.056017,0.68692
0.021255,0.54623,0.73452
0.85667,1.1998,0.98829
-0.090758,-0.037044,0.17239
0.038972,-0.16675,0.24085
-0.28688,0.19145,-0.30977
0.47234,0.89063,0.48143
-0.079636,-0.97088,-0.61941
0.2789,-0.043244,0.31018
-0.54941,-0.73158,-0.55555
0.18668,-0.16194,0.2087
0.21972,0.57178,0.069472
-0.14413,-0.82141,0.034716
-0.056348,-0.024992,0.086735
0.19499,0.16237,0.38076
-0.52541,-0.75788,0.10359
-0.13662,-0.26443,0.37892
-0.15801,-0.19561,-0.24096
0.52144,0.8804,0.12055
-0.19556,-0.20056,-0.3621
-0.23787,-0.32675,-0.74557
-0.0041386,0.41455,0.22598
0.41922,0.0062764,0.13883
0.29772,0.50015,-0.10409
-0.01464,0.80128,0.086745
-0.22255,-1.6468,-0.39969
-2.4828,-2.1037,-2.1472
1.457,1.6562,1.4833
-1.4942,-1.5792,-0.91566
-0.058785,-1.136,-0.47877
1.0059,1.0397,1.6395
-0.37794,-1.1761,0.10486
-0.0018603,0.66728,-0.56053
0.029909,-0.27156,-0.211
1.0858,0.69683,1.6584
0.64788,0.37223,0.10383
-0.57533,-0.72649,-0.67679
-0.86248,-0.64733,-0.92714
0.64235,1.7957,1.8285
0.52826,0.96492,0.13796
-0.93651,-0.11379,-1.0916
0.79364,0.46694,0.34783
-0.3266,-0.78368,-0.31299
-0.49679,-0.73231,-0.31398
0.42875,0.39548,0.69639
0.048144,-0.12741,0.17336
-0.32588,-0.77427,0.10384
0.45953,0.86349,0.41437
-1.2525,-1.4304,-1.4753
0.11459,-0.32355,-0.13999
-0.31041,-0.37011,-0.33326
0.020158,0.47376,0.87461
-0.30426,0.20697,-0.34892
0.61415,-2.6516,0.76601
0.21896,0.35765,-0.22571
-0.13767,0.17172,-0.48788
-0.0084145,-1.2552,4.1234
0.47386,0.62626,2.2212
-0.3805,0.20566,-0.016401
-0.17419,0.6145,-0.59201
-0.29912,1.0093,-0.878
-0.31131,-0.48374,-0.38343
-0.012228,0.70521,0.08347
-0.681,-0.58734,-0.20046
-0.65469,-0.55129,-0.62065
-0.44332,0.27602,-0.37088
-0.16675,0.039362,-0.84803
2.198,2.1354,2.871
0.37649,0.54929,0.082719
1.1016,-0.23228,-0.49736
0.19488,3.4349,-2.4734
-0.13989,0.65321,0.54366
-0.011551,-1.9157,-1.5367
0.7453,0.29034,1.9555
-0.15835,0.38997,1.3163
0.46655,0.31966,1.6461
-0.23897,0.36854,-0.47938
0.74337,1.473,0.84152
0.21631,-0.061461,0.42629
0.08077,-0.42507,-1.185
0.39067,0.71359,0.215
-0.52684,0.84234,0.13208
0.13344,-0.60357,0.78884
-0.26569,-0.80429,-1.368
-0.35217,-1.4905,-1.7747
0.039693,0.12506,0.084423
0.58044,-0.11256,1.6239
0.34051,0.31856,-0.44936
1.3077,2.7313,2.341
0.2157,0.34532,-0.58834
0.59214,0.69904,1.5613
-0.11381,-0.61442,0.32221
0.65185,1.6717,1.2945
-0.81503,0.13065,-0.47748
0.38757,-0.29121,-0.15966
-0.17522,-0.77073,-0.44844
0.19732,-0.029987,2.0967
0.36309,0.55045,-0.12582
-0.24604,-0.16124,0
-0.18647,-0.1615,0.015731
