1.2319,1.6252,2.4826
0.12913,0.01072,0.35471
0.23644,-0.30126,-0.1063
0.49508,0.27984,-0.1774
-0.89273,-1.9865,-1.7915
0.47753,0.37206,-0.32592
-0.53459,-2.0414,-0.50908
0.82604,0.67773,0.97951
0.13525,4.0259,-0.57929
0.68489,1.3732,0.97562
-0.093034,1.8502,1.0374
0.77415,0.61601,0.7092
-0.32118,-0.19472,-1.03
-0.20914,0.39923,1.6641
1.2034,1.9722,1.1173
-0.9846,-1.0571,-1.9282
-1.3703,-1.4477,-1.93
0.49766,0.64487,0.71915
-0.26311,1.2371,-0.93591
0.36446,0.16112,-0.90832
0.067805,0.61185,-0.40222
-0.84065,0.18983,-1.0313
0.18358,-1.3364,-0.18526
1.2477,0.24291,0.44409
-0.25848,0.010106,-0.66691
0.50145,0.66476,0.44509
1.0611,0.35081,0.48
-0.48921,-0.66249,-0.73943
-0.54832,0.41204,-1.3448
0.97099,-0.34155,1.4931
-0.44785,-0.96064,-0.81847
-0.41411,-0.63194,-1.1647
-0.25752,-0.50232,0.41485
-0.27307,-1.397,0.15041
-0.16666,0.86124,1.0095
0.40128,-0.25859,-0.67188
0.10836,0.25859,-0.75187
0.0026121,-0.30007,0.1131
0.95876,0.55803,0.63877
-0.59608,-0.227,-1.1679
0.16782,0.020624,-0.075762
0.33306,-0.46573,0
0.17216,0.062209,-0.075905
-0.83853,-1.9473,-1.9932
-0.57873,-0.063411,-0.42677
-1.4741,-1.5673,-1.3701
-1.5341,-2.008,-1.1098
1.2383,2.2655,1.1492
-1.4454,-1.599,-0.87069
0.56067,0.68381,0.079506
1.1681,1.0116,-0.19876
-0.12734,-0.57987,-0.95962
-1.1236,-1.3336,-1.0501
-1.3042,-0.65703,-0.52919
-0.13247,0.32902,-1.4389
-0.23979,0.49159,1.0708
1.6233,0.6733,3.1454
-0.10192,0.41048,-0.63717
1.2921,-0.097032,1.1124
0.40276,-0.38918,-0.43551
-0.070126,-0.5213,-1.0773
0.52782,0.57537,0.59992
0.84786,1.9618,3.024
0.76427,-0.021202,0.38608
-0.20967,-0.51095,-0.57969
-0.66676,-0.66391,-0.81733
-0.10615,0.042999,-0.43076
0.51477,0.66359,0.50891
-1.3857,-0.74954,-0.62673
-0.1125,0.70686,0.23551
0.059364,-0.26716,-1.1433
0.50984,-1.2599,-0.23827
0.10658,-0.36916,1.4599
-1.5679,-1.413,-0.78649
0.52982,0.67064,0.47264
1.3993,-0.57141,1.9456
0.058751,0.59332,5.9468
-0.44549,-0.93554,-1.0953
0.22695,0.74916,-0.073519
-1.3891,-0.77131,-2.4545
-0.76198,-1.482,-0.30171
-0.59337,-1.0268,-1.3306
0.91604,-0.17026,0.83843
0.18418,1.1072,-0.075906
0.1767,-0.045002,-0.11405
-0.67457,-0.47414,-0.68671
-1.3821,-0.19261,-1.3102
-1.0596,-1.4966,0.58014
0.76332,0.28731,0.038598
0.16692,-0.36793,0
-0.07659,0.43682,0.61487
-0.067513,-0.89861,-0.92376
-1.0643,-1.0236,-1.2451
0.67936,0.61772,1.129
-0.25777,1.1438,-0.81632
0.046824,0.42413,0.42847
0.40042,-0.3323,0.6199
0.16903,-0.034403,-0.5034
1.5975,1.8203,1.3112
0.16965,-0.39538,0.15315
0.56704,0.27124,0.19111
-0.053522,0,0.15262
0.04638,-0.53188,-0.45857
0.33746,-0.15904,0.076557
-0.74499,-0.71863,-0.9227
0.52342,0.24011,0.23147
1.5838,1.2259,1.8328
0.15421,1.5671,0.64115
-0.95449,0.055474,-0.48994
0.4533,0.40987,1.127
-0.98861,-0.43211,0.48448
0.5954,0.52048,1.8781
0.13684,-0.17683,-0.32885
-0.1333,0.066356,1.6337
0.26201,-0.4211,2.067
-0.41672,-0.6349,0
0.36296,0.5905,-0.21184
0.84707,0.85173,0.035325
-0.29851,-0.88506,0.31753
-0.54679,-0.49016,0.632
-0.095254,-0.94246,-1.0202
0.25115,-0.47452,0.7749
0.40755,-0.15875,0.21031
-1.0486,-0.74013,0.24482
-0.31583,-0.52708,-0.20982
-0.81818,-1.5515,-1.9438
0.18975,-0.40921,0.28509
-0.82786,-2.0119,-1.6506
0.33305,0.2865,0.79281
0.13829,0.25001,0.10761
0.070872,1.3581,-1.0453
-0.32965,-1.3225,1.9021
-0.43099,-0.13079,-0.92858
-0.48005,0.30896,-1.4092
-0.044498,1.203,1.6958
0.70331,1.235,1.3152
-1.343,-1.235,1.8888
0.27023,0.88698,0.48391
-0.9748,-1.416,-3.402
-0.19629,0.2825,2.2227
0.98766,0.9241,-0.77054
0.053883,-0.034929,0.49101
0.45632,1.066,-0.35049
0.11715,0.34509,0.035084
0.44378,-0.43738,0.10524
-0.62821,-1.1369,-1.5904
-0.096431,0.30287,-0.035636
-1.6455,-0.91143,-1.9069
-1.5602,-1.8161,-1.4268
0.11742,0.08381,0.14731
1.289,1.7088,1.9673
-0.30165,-1.5415,-1.1246
-1.1744,-1.7842,-1.9525
0.14756,2.0468,0.51949
1.3563,0.13099,0.25875
0.21934,0.023854,-0.1478
1.2367,1.2886,1.5044
-0.36042,-0.2823,-1.2459
0.65035,0.4232,0.29455
-0.24338,-0.70629,0.44154
0.046525,0.070806,0
0.79686,0.42413,1.1316
0.011765,-0.44773,-0.40008
0.24223,0.29484,0.072862
-0.78118,-0.63782,-0.58438
0.46201,0.34298,0
0.15112,-0.55646,0.3291
1.115,0.41471,0.83625
-0.41937,-0.21308,-1.8637
0.68638,0.68492,0.91793
-0.4496,1.042,-0.36615
0.18884,0.67326,0.073293
0.49414,0.36951,0.76686
0.1689,-0.31168,-0.87685
0.2227,0.26557,0.69483
-0.70796,-0.40438,-0.91525
0.27898,-0.28991,0.25712
0.44849,-0.44223,0.91287
-0.56427,-0.046664,0
0.6307,0.023359,-0.91287
-1.4036,-1.6586,-0.51494
-0.46807,-0.5113,0.84452
0.15777,0.65359,-0.21961
-0.5954,-0.32028,-0.36709
0.5909,0.37949,0.29377
0.42609,0.59006,1.1304
-0.019745,0.89036,0.25352
1.5067,1.1365,2.1468
0.32383,0.50611,-0.46125
-0.060808,0.18339,0.92033
0.66506,0.82117,0.52714
-1.0032,-0.70671,-1.2698
-0.75551,-0.81549,-0.64103
0.20031,-0.09228,0.24981
-0.22705,-0.72993,-0.10701
-0.73272,-1.1931,0
-0.93463,-0.23563,-0.82395
0.44404,0.082568,0.68115
0.52381,1.2532,1.4894
-0.97329,3.9369,-0.81288
0.038974,-0.61738,1.8285
0.25609,-0.81393,-0.48904
-0.97629,-0.80917,-2.9132
-0.085818,1.1831,-0.39736
1.477,0.64251,0.97249
1.2797,1.1173,0.89206
0.1811,-0.55709,-0.49855
0.2445,0.27896,-0.14293
0.02743,0.4003,0.39252
0.004427,0.39872,0.56815
1.1118,0.80365,0.81118
1.6027,1.2855,1.8445
0.38662,0.96955,1.0633
-0.10982,0.28963,-0.10237
-0.069564,0,1.6596
-0.10055,0.2567,-0.13445
0.90482,1.2527,0.8374
0.90685,0.55754,-0.033417
-0.030404,0.62747,1.8424
-0.7104,-1.0796,-0.99065
0.5523,0.59888,0.18419
0.13613,-0.37781,-0.36873
-1.1224,-0.68585,-0.77878
0.58784,0.69637,-0.78493
-0.025491,0.17859,-0.45128
0.40871,0.1887,0.41371
0.075284,-0.77821,-0.15024
-0.34559,0.82013,0.6371
-0.40385,-1.3282,0.14925
1.4841,1.7253,1.6279
-0.087336,-0.12522,-0.58885
0.070551,1.369,0.51544
-0.077269,0.60593,0.36657
-1.1135,-1.6205,-0.95588
0.48648,0.57072,1.0656
0.54214,0.88584,-0.47627
-0.10432,-0.86518,-0.55238
0.89498,-0.22784,0.62579
0.39133,0.88767,-0.073412
0.19426,0.020584,-0.44167
-0.20839,0.12316,0.18426
-0.75165,-1.2909,-0.7391
0.037681,0.36313,-0.037094
0.89996,0.48562,0.44429
0.3412,0.60629,-0.3701
0.046292,0.11262,0.1482
-0.43146,-0.22537,-0.59413
0.71285,0.81717,0.37174
-0.0074238,-0.12213,-0.18568
0.0082487,0.12213,-0.52183
-0.13441,0.28442,-0.14956
-0.81526,-0.84553,0.074793
-1.174,-1.08,0.3733
-0.36344,-0.20702,-0.22379
0.34997,-0.31135,-0.11211
-0.14322,-0.43757,-0.29948
0.34169,-0.10446,0.48623
-0.61182,-0.71326,-0.26153
0.39735,0.22084,0.18688
-0.86676,-0.80146,-1.9228
0.59866,-0.37127,-0.57261
0.96283,0.8466,0.76273
-0.95354,-1.915,-1.3002
-0.78134,-0.10747,-0.46295
-0.64355,-0.66889,-0.81541
-0.3534,-0.6407,0.077979
0.39963,0.43484,1.3542
0.48324,-0.26069,-0.038424
0.040884,0.032646,0.38373
-0.27197,0.98444,0.26772
0.84247,0.56896,0.38124
0.68673,0.46991,0.41771
0.31729,0.46765,0.2649
-0.27695,-0.80918,-1.0639
1.0983,1.0316,0.53332
-0.10896,0.021139,-0.60973
0.048259,-0.23341,0.30531
-0.86123,-1.5309,-0.64993
0.42026,0.064717,-0.038397
0.69018,0.58047,-0.34593
0.069665,0.28902,0.15391
0.32943,0.80889,0
0.018176,0.307,-0.54136
-0.79549,-0.92376,-0.54435
0.069929,-0.5133,-0.66497
-1.4612,-1.0238,-0.986
0.55917,-0.23858,-0.11899
0.78628,0.5846,0.67233
0.92638,0.17262,-0.47413
-0.64349,-0.23738,-0.35707
0.56421,0.77468,0.47582
-0.027274,-0.40814,-0.079151
0.032225,-0.55034,-0.35692
0.95784,-0.043303,0
0.26069,-0.8371,1.1848
-0.48103,0.57691,-0.27523
-1.0237,0.23856,-0.35495
0.18541,0.06494,0.47299
-0.76121,-0.9787,-1.346
0.56089,0.42528,0.079693
-0.75523,-0.56743,-0.79966
-0.81147,-0.80206,-1.1304
0.17996,-0.87528,-0.36606
-0.047056,-0.64758,-0.94167
-0.49464,0.25732,-0.45354
-1.0249,-0.011186,-0.87152
0.069965,1.1332,0.78885
-0.094711,0.19865,0.41274
0.24385,0.37419,-0.33008
-0.76252,-0.4845,-1.1638
1.3679,0.088245,0.99835
-0.069438,0.76901,0.041377
-0.65179,-1.034,-0.20711
0.27245,-0.13279,0.45506
0.44708,-0.83383,0.98559
0.22659,-0.63845,0.81407
0.59532,-0.63116,1.728
-0.838,-0.95439,-0.63952
0.00084744,-1.6111,0.12025
0.55299,-0.52339,1.3919
-1.1831,-1.3857,-1.112
-1.0052,-1.1058,-0.80194
-1.6862,-8.662,-1.5416
0.29363,-0.065231,0.77376
0.59163,-1.5382,-0.081153
-1.3344,-4.7063,-1.2666
1.9544,2.7666,3.8714
-0.67731,0.2428,-1.1938
0.8625,0.53761,0.040051
-0.88767,1.093,-0.92464
0.39425,2.1249,0.92464
-1.1446,-1.4906,-2.1846
1.1852,0.6172,3.4174
0.45796,0.17013,-0.27699
-0.085222,-0.052339,0.51392
1.2393,0.79461,-0.59322
-0.25721,-2.0711,0.079297
-0.10922,-0.053174,-0.039697
0.6374,-0.37278,-0.43711
-1.0763,-2.2661,-0.83981
0.41843,-0.027283,0.040153
-1.0084,-0.90472,0.36067
-0.45906,0.74083,1.1928
1.0036,1.6,1.0649
0.69333,-0.067247,-0.11773
0.99689,2.7483,0.93825
0.46451,1.0422,0.85233
-0.15123,-0.97669,-0.69682
0.38436,0.13073,0.42643
0.017585,-0.91912,-0.38763
-0.34059,0.25031,-0.15544
0.63745,1.4889,0.73631
0.096815,-0.05191,0.65423
-0.60914,-2.0308,-1.0411
0.89568,1.693,0.038749
0.17204,0.66157,-0.077538
-0.68908,-2.0375,-1.4057
0.1245,-1.0478,-0.23623
-0.020879,0.053303,0.55032
-0.21656,-0.32034,-0.43211
0.52263,0.17365,0.43211
-0.2351,-0.21377,-0.31409
0.22593,0.37377,-0.47301
0.257,-0.2134,0.19736
0.22153,1.8653,-0.39506
0.36235,0.97818,-0.87482
0.49425,-0.86029,0
-0.070692,0.20921,0.27917
-0.20496,-0.183,0.15921
0.022247,1.0674,-0.31862
-1.0892,-2.3848,0.95276
-0.7658,-1.874,-1.0725
-0.07388,-0.17578,0.039941
0.90961,1.9038,0.079817
-0.14325,-0.7599,0.079754
-0.71262,-0.71176,-1.0014
0.26071,0.63141,-0.52469
0.87939,0.16062,1.0867
-0.83753,1.3546,-1.1272
0.2449,2.0498,-0.20267
1.1611,2.451,1.7693
0.62353,-0.42965,0.79401
0.2269,1.3585,1.2574
0.088332,1.7463,0.19505
0.26206,1.1839,1.2008
0.11571,-0.048524,-0.69555
-0.55451,-0.69428,-0.9349
0.67089,2.2839,2.3594
0.47473,1.0696,0.11464
-0.66281,-0.23677,0.94997
0.53968,0.047434,-2.9165
-0.37764,-0.28464,0.038925
0.17316,-0.095101,-0.58559
0.45625,-0.29759,0.70232
0.55875,-0.083529,0.11653
-0.77,-0.40652,-0.54514
0.094749,-0.035992,1.2032
0.70741,-0.14399,3.376
0.073924,0.8963,1.6279
-0.74006,-1.1245,0.25654
-0.76677,0.28829,1.5977
-0.26862,0.24022,-2.2957
0.67223,0.16779,0.80766
-0.18289,-1.7883,-1.4733
0.70371,0.77726,1.1804
-0.60125,-0.57018,-0.81001
0.28244,0.37643,0.59153
-1.1846,-1.4652,-1.448
0.073785,0,0.78229
-0.10003,-0.18468,-0.48351
0.056582,1.9645,-0.37358
0.16548,-0.19348,0.70854
-0.33944,-0.69246,-0.14874
-0.6592,-0.86929,-0.22353
0.22957,-0.27092,0.81722
-0.60146,-0.89178,-0.22222
0.59404,1.1872,0.66518
-0.31974,-0.98836,0.11044
0.98158,0.09925,0.73312
0.1032,-1.3486,-0.65954
-0.29267,-0.10063,-0.66396
1.254,1.9442,-0.074072
0.24051,-0.049336,-0.55708
-0.38006,-0.22255,-0.89788
0.79332,0.78895,-0.1128
-0.074126,0.049114,0.1128
-0.75737,-0.90001,-0.48974
-0.32867,-0.33488,-0.64408
0.046434,-0.58572,-0.15217
0.82576,0.39916,-0.76423
-0.55814,-1.1267,-0.26884
-0.78945,-0.92333,-0.61729
-0.9163,-1.4591,-1.3638
0.36457,0.83458,-0.59019
0.05515,-0.26892,-0.27665
0.02797,-0.75925,0
0.0024702,0.74648,0.27665
0.10113,1.9176,1.2939
0.88278,1.0759,1.0463
0.092002,-0.17432,-0.81282
-0.17187,0.28627,-0.89796
-1.002,-0.42351,-2.0603
-1.4999,-0.36264,-1.2488
-0.41041,-0.15045,0.24294
0.36944,0.99871,-0.56776
-0.7192,0.92736,-0.53004
-0.2074,2.3597,-0.20461
-0.60866,-1.2093,-0.45166
-0.07136,0.012139,1.1863
0.82339,0.18232,0.32482
0.29706,0.291,-0.56908
-1.01,1.0718,0.16292
1.4845,0.82317,2.0943
-1.5134,-1.1952,-1.2029
0.15186,0.19218,-0.040401
1.6638,0.16787,1.2831
-0.23707,-0.13188,-0.27928
-0.43218,-0.56545,0.31909
-1.053,-0.70218,-1.0409
1.6414,-1.0871,2.6997
0.71505,0.56335,0.66363
-0.35273,-0.35481,1.0066
0.99276,-0.65169,1.9077
0.42551,2.2083,-0.07562
0.016399,0.15674,0.82864
0.21859,0.73228,1.3043
-0.34571,-0.31222,0.14799
0.16891,-0.37353,-0.33329
0.84108,1.3787,0.48105
0.30499,0.66451,0.69892
-0.077778,-0.22496,0.32937
-0.38574,1.3774,0.76657
0.17884,1.1739,0.86894
0.93695,0.40368,0.82568
0.43917,1.0076,0.35689
0.52574,-0.54836,0.32011
0.50714,0.79873,-0.8917
0.34668,0.91636,0.03579
0.20838,0,-0.57469
-0.85442,0.34847,-0.036073
0.001592,-0.01121,-0.25254
-0.63823,-0.2247,0
1.2084,0.34809,0.7558
0.032407,-0.62969,0.42935
-0.23663,-0.2485,-0.57289
0.12748,0.79969,-0.57616
-0.50217,-0.47228,0.21644
-0.12176,-1.3847,-0.21644
0.28069,-0.60755,0.072226
0.084138,-1.1681,-0.9427
0.55383,-2.6524,-1.1726
0.41808,-0.69529,-0.14752
-0.14153,0.48,-0.62952
-0.28523,-0.19169,-0.074347
-0.58561,-0.73436,-0.26055
-0.023818,-0.33889,0.11177
0.25135,0.77296,-0.48522
0.42119,0.12019,-0.52511
0.042577,0.31198,0.18787
-0.95993,-0.5887,-0.67793
0.12964,0.06022,-0.26496
-0.2985,-0.77374,-0.45574
-0.48987,-0.24302,-0.45782
1.6297,-0.17039,2.6044
0.3666,-0.1342,0.48321
0.001572,0.66891,0.074124
0.93555,2.9265,-0.29687
0.36497,-1.4465,-0.18595
-0.035668,0.40525,0.51986
0.34755,0.11882,1.0683
-0.6294,-0.71535,-0.55116
0.12044,-0.47981,0.18406
-0.36412,-0.20462,-0.73828
-0.39049,0.95926,-0.59459
0.55483,-0.85085,0.70571
-1.8496,-2.104,-2.2835
0.18453,0.061415,-0.22748
0.24025,-0.69023,-0.266
-0.17222,0.07419,0.45558
0.72089,-0.23512,0.37806
0.7734,0.37093,4.7532
0.11444,0.75012,0.75281
-0.3984,-0.40512,0.53431
0.18575,0.78416,-0.39155
-0.9102,-0.8703,-1.2922
-0.5373,-1.5633,-0.50707
0.07829,-0.57687,-1.3526
-0.81277,0.42667,-0.85011
0.86256,1.4335,-0.11145
-0.14786,-0.49632,-0.93337
0.25367,1.1502,0.11245
-0.3265,-1.1004,-1.1304
0.99828,0.80476,0.98043
0.34983,-0.29635,1.1976
0.73014,0.07414,-0.2607
-0.16611,-0.2475,-0.41116
-0.32759,-0.26049,-0.60105
0.74854,1.0503,0.67594
-0.37823,-1.4237,-0.22481
0.12727,-0.1248,-0.11261
0.36306,0.65959,1.5649
-1.0455,-0.48488,-0.66768
0.82274,-0.42467,0.99983
-0.16276,0.050079,-0.62834
-0.14827,0.024993,-0.14842
-0.69928,0.049979,-0.074289
-0.18636,0.36186,0.55584
0.20279,1.0531,0.6997
-0.48928,-0.14797,-0.92165
0.71976,0.67652,0.62764
0.21126,0.44035,-0.22106
1.0342,1.1529,0.44167
0.42608,0.60148,0.47627
0.17712,-0.61351,-0.32953
0.14698,0.51748,0.83987
-0.16614,0.33561,1.4083
-0.60331,0.27479,-0.53929
0.60025,0.76073,-2.1498
-0.25856,-1.4912,-1.1111
0.09828,0.19213,0.59413
-0.10289,-0.33638,0
-0.6459,-0.78554,-0.40811
0.74419,0.84568,0.44514
-0.20283,0.084113,0.77421
-0.41463,-0.88124,-0.073499
0.2268,0.71289,1.2781
0.62372,0.4684,0.28983
0.43018,0.85908,0.36114
-0.19232,-0.42863,-0.65098
-1.0397,-1.5996,-1.1312
0.086415,-0.46182,0.14668
-0.77812,-1.1515,-0.58803
0.12041,-0.50647,0.2577
0.077602,1.5117,-0.47908
-0.29444,-0.41556,-0.85326
1.6933,2.0249,1.4058
0.20251,-1.7558,-0.70044
0.11672,0.19523,0
-0.013721,-0.43986,0.44295
-0.24204,0.54954,-0.14743
-0.48815,0.67972,0
0.28154,0.81917,-0.036896
0.32962,0.6339,0.55197
0.067931,-1.853,-12.077
-0.41441,-0.13367,0.57801
0.61259,0.23078,-1.1594
-0.38835,0.33913,-3.5612
0.31522,-0.32702,1.1585
1.0243,1.0259,1.5242
-0.083004,-0.1085,-0.29454
0.036228,0.40934,-0.46464
-0.17296,-0.39731,0.63307
-1.2881,-0.53216,-2.341
-1.1305,-0.084879,-0.21557
0.25215,0.60502,0.30281
-0.18712,-0.88462,-0.6066
-1.6984,-1.0892,-1.2243
-0.67215,-0.75338,0.43901
0.41284,-0.47222,-1.1897
-0.39224,-0.32441,1.4085
-0.43595,-0.23774,-0.39409
0.15824,-0.06263,3.0678
1.1306,0.45025,1.0161
0.5703,0.75826,-0.084286
-1.5977,-0.73333,-2.4324
0.80792,-0.32489,-2.1835
1.2223,0.98389,0.74774
0.19503,-1.4606,-0.26329
-1.796,-0.58016,-1.1489
-0.11388,0.8815,-1.6581
-0.61111,-0.76773,-0.40749
0.1416,-2.715,0.31711
-0.44857,0.7759,-0.86308
-1.1937,-0.78888,-0.96265
-1.1174,-0.11688,-0.92552
0.51759,1.0088,1.7055
2.1013,1.0879,0.86465
-0.36847,-0.77955,0.13584
-0.91586,-0.35986,2.0157
-0.00080718,0.41114,0.044324
0.96938,0.3967,2.2788
-0.52846,-1.4277,-0.87037
-0.088348,-0.11667,-1.6748
0.48577,0.064825,1.4122
-0.91255,-0.67628,0.17515
0.54724,-0.091405,1.3038
2.1336,1.3364,1.3297
-0.20999,-0.99735,-0.72698
0.78341,1.55,1.7021
-0.72753,-0.32092,-1.4878
0.24911,0.41061,0.55518
-0.67728,-2.1617,-0.76955
0.14687,0.32659,0.85471
0.40083,-0.26119,-1.7168
-1.0929,-1.3031,-2.0114
-1.3052,-1.6565,-1.6927
-0.49063,-0.90656,0.13471
-0.13842,0.17653,0.84876
0.1918,0.75698,1.15
1.8385,2.4082,2.8611
-0.85136,-0.77864,-2.3785
-0.71021,-0.82485,4.3671
1.6488,1.4983,0.54315
0.63009,-0.13164,0.91244
-0.037834,-0.079153,0.61747
-0.41081,0.4211,-2.0731
1.2079,1.0581,1.5794
-0.14793,0.58301,-0.78658
-0.45062,-1.6542,-0.29134
0.50935,0.23615,1.2839
0.22364,0.013085,-0.37104
-0.071107,-0.55171,0.32991
-0.281,-0.51515,-0.28864
-0.33684,0.14616,0.49424
-0.43588,0.079604,0.41005
0.46183,0.46317,0.081783
-0.39945,-0.34386,-0.12274
0.11598,1.5773,0.40853
1.3604,0.5203,0.73378
0.76328,2.5743,0.32441
0.15812,0.35338,0
0.37081,0.66555,4.3184
-0.36772,-0.77901,1.2715
0.10014,-0.41711,-1.9328
-0.44988,-0.35527,0.19499
0.23716,0.89843,0.2723
-0.074877,0.62791,0.42643
0.51524,0.54934,0.38612
0.19186,1.3356,-0.42478
0.083534,-0.22137,-0.15495
-0.11881,-0.30825,-0.38832
0.54995,0.54188,0.54327
0.17071,-0.69021,-0.89412
-0.99407,-0.70752,0
-0.48106,-1.1022,-0.70532
0.37795,1.5744,0.66626
0.04772,0.33421,1.2037
1.0304,1.6544,0.077165
0.38539,-0.085127,0.19265
-0.13589,0.3158,1.3382
0.25646,0.56824,1.9557
0.11512,-0.84754,-0.2237
-0.2683,-0.45092,0.26089
0.57061,1.8755,1.1844
-0.54101,-2.1936,-1.0355
-0.24688,-0.49135,-0.89617
0.87765,0.96807,1.0819
0.74961,0.60789,0.92339
0.017957,-0.49821,0.8785
0.17119,-0.12189,-0.14589
-0.22657,-0.061018,-0.18267
-0.33969,-0.085431,0.036547
0.20935,-0.26908,0.036552
1.1988,1.7603,2.0612
0.22342,-0.21687,-0.071602
-0.26861,0.26498,-0.17923
0.079257,1.0291,-0.53971
0.20414,0.22599,-0.10825
-0.25672,0,-0.54317
0.94959,0.60392,2.4391
0.20451,1.6161,0.53011
0.25159,0.72922,0.28163
-0.36662,0.27641,-0.035178
0.12821,3.2474,0.28092
0.084889,0.044523,-0.80973
0.1199,0.68759,0.49368
0.61335,1.1866,0.070309
0.026139,-0.076506,-0.59932
0.35077,0.37094,0.10602
0.49507,-0.31633,0.14119
-0.84875,-0.8557,-0.035302
0.042833,0.81201,0.66821
0.00071752,0.90302,0.62894
-0.73786,-0.57567,0.34769
-0.034374,-0.13078,-0.13894
-0.22257,-0.29498,-0.13914
1.1283,1.2934,0.38217
0.22152,0.16184,0.38069
0.20805,0.15133,0.10356
-0.53472,-0.18378,0.96155
0.18629,-0.71667,-0.068411
0.25458,0.33727,0.37552
0.63363,1.3164,-0.068394
0.24016,-0.19313,-0.37706
0.22816,0.38587,1.1948
0.10282,0.36311,-0.23783
-0.049966,-0.59874,1.653
0.16481,-0.1825,0.1003
0.23354,0.47163,0
-0.36622,-0.18197,-0.5362
-1.3648,-2.0564,-0.9453
0.34385,-0.10941,-0.30574
0.91595,0.18596,0.61056
0.082141,0.43608,-0.71266
-0.28027,-0.73155,-0.82086
0.88459,2.4466,0.71858
0.39945,1.0319,-0.68422
-0.13156,-0.38172,-0.48178
-0.39784,0.11677,-0.4841
0.18103,-0.39343,1.8885
0.22672,-0.23462,0.47508
-0.10479,0.51129,-0.37307
0.11682,0.68817,0.40691
0.86519,0.62068,1.7444
0.11218,-0.062991,0.39828
-0.32356,0.14682,-0.99866
0.21559,0.58505,0.33399
-0.1418,0,0.33287
-0.36807,-0.093798,-0.36621
-0.53304,-0.69053,-1.1406
0.43428,0.42955,1.1739
0.69908,1.597,0.09999
-0.14799,-0.23689,-0.13333
-0.45233,0.18548,-0.40107
-0.11994,0.12343,0
0.12275,1.0635,-0.16761
-0.61032,-0.90939,-0.57191
0.22179,1.5077,0.97368
-0.051681,1.1761,0.10016
0.19385,-1.1862,-1.0064
0.63199,-0.24301,3.4463
0.48414,0.69702,1.6476
0.081746,1.4788,-0.16033
-0.089434,-0.79665,-0.19271
-0.29752,-0.57156,-0.32206
0.28913,-3.3537,0.35422
-0.52919,0.97266,-1.2616
0.35357,-0.030852,0.065107
0.84655,0.32909,1.1321
-1.1334,0.11285,-2.08
-0.12087,-0.06155,0.49141
-0.10976,1.1123,-0.22902
0.57555,0.83879,-0.16393
0.65712,-0.22161,1.239
0.53395,-0.15145,-0.9769
0.1693,0.17159,-1.2181
-0.096708,1.2127,-1.9399
0.069776,-0.5294,-0.33828
0.13941,-0.010051,-0.47555
-0.118,0.080354,-0.37523
-0.71024,-1.0799,-0.96151
-0.32667,0.030431,-0.13813
0.75688,-0.29465,0.5877
0.7615,0.92161,1.3354
0.10371,-0.28264,0.20387
-0.087216,0.070692,-2.4743
0.28403,0.36306,0.31267
-0.14054,-0.26207,1.7876
-0.085792,-0.59718,0.13618
-0.357,-0.78479,-1.6813
-0.12549,-0.84263,0.58648
-3.5343,-3.0913,-4.2155
0.55455,-1.0916,1.0706
-0.25978,-0.72347,-0.28439
-1.1468,-1.4959,-1.1818
-0.94522,0.99608,-0.75938
1.5375,2.1444,1.0112
-0.24683,0.14914,-0.79362
0.71013,-1.0057,-1.0559
0.067739,0.30063,-0.10985
0.26767,0.88584,0.54813
-2.0579,-1.4988,-2.659
0.66689,1.1262,2.5131
0.3677,-0.33121,-0.43893
-0.38357,-0.2142,0.18311
1.0836,0.7904,1.8129
0.63135,0.54112,0.035942
1.6937,0.90598,2.4132
-0.034848,-0.17844,-0.88043
0.10938,-0.16823,-0.88827
0.096743,-0.031588,0.71126
-0.62036,-0.28462,-1.7877
-0.79977,-0.49738,-0.28905
0.37327,0.32835,0.39719
-0.11747,-0.32835,0.43154
0.25937,1.0028,-0.46755
0.92373,0.93045,0.46755
0.11122,0.11442,2.2353
0.30453,0.32167,0.1753
0.058855,0.10354,0.070031
0.26132,-0.16572,-0.59682
-0.65945,-1.3569,-1.0264
0.61871,0.53449,1.5181
0.34819,-0.7765,0.24498
1.0599,1.3082,0.41855
0.2143,0.97258,0.41682
0.069295,-2.4178,-0.87034
-0.12028,-0.53941,0.31418
0.92181,0.30709,1.1437
-0.23066,0.66388,-0.83044
-0.035121,3.387,0.034755
1.0088,2.9709,0.69227
-0.078272,-0.55342,0.37872
-0.012051,0.26724,3.4451
-0.78617,1.0227,-0.59937
0.26477,0.93483,1.5248
0.64516,-0.92505,0.68837
0.43158,0.56579,1.1692
0.21476,0.15551,-1.3327
0.25604,0.19407,0.48963
-0.11667,0.51442,0.13015
0.32182,1.0497,0.097517
-1.4055,0.28702,-0.6519
0.95953,1.2342,1.0086
-0.17946,-0.38759,0.25868
-0.13048,-0.70344,0.097111
0.85895,0.9872,0.54866
-0.091844,-0.53034,-0.29007
0.65887,2.513,-0.48536
0.15421,-0.88358,0.71105
-0.064277,-0.31815,-1.1662
-0.1208,-1.0552,-0.35907
-0.97499,-1.5559,-1.3498
0.54379,1.1763,1.0223
0.1569,0.69164,1.0119
0.79519,0.95851,1.0339
0.025484,-0.30912,-1.3592
0.37301,-0.056303,-0.32636
0.18469,-0.29136,0.42408
-0.53614,-0.3678,-0.45678
-0.89033,-3.2944,-0.95286
-1.7726,-0.59741,-2.2368
1.1306,1.2398,1.4413
0.096125,0.14542,-0.09988
-1.0739,-0.85619,-0.5679
1.507,0.75926,1.7929
0.48047,0.70544,0.42686
0.65056,1.187,-0.098333
-0.12141,0.22809,0.065573
0.17293,1.1047,-0.16402
-1.3694,-0.47056,-1.4883
0.61614,0.56441,0.69731
-1.298,-2.0471,-2.4453
-0.32131,0.62994,0
-0.32434,0.21861,0.10169
0.8969,0.094888,1.1787
-0.041832,0.49204,-0.134
-0.15686,-0.66291,-1.2142
1.0639,-0.22827,0.912
0.35739,1.484,0.9371
0.034753,1.3698,-0.09998
0.32986,0.90287,-0.066719
0.09209,-0.055002,-0.33422
-1.4287,-0.31255,-1.8244
0.57051,0.43175,0.54405
1.8876,0.16486,1.9477
0.30966,-0.62422,-0.83488
-0.19213,0.97136,0.70175
-0.0096825,1.0071,2.4668
-0.20675,0.2795,0.45381
0.44591,4.2132,1.8902
-1.2296,-0.91037,-1.117
0.48575,1.3582,0.096253
-2.0003,-0.18063,-1.2583
0.46548,1.6477,-0.29265
-2.3615,-1.3383,-2.4058
-1.6121,-0.78399,-1.9876
1.0202,-0.95591,0.033986
-1.2727,-3.4377,-1.4044
0.72166,1.2484,1.0636
0.43498,1.0565,0.74808
-2.6946,-1.1905,-1.9153
2.3864,1.7717,1.983
0.61405,-0.3166,0.033853
1.3974,-0.13269,1.5114
-3.0098,-2.0116,-2.361
0.037847,1.7102,-2.0342
-0.049541,0.062105,-0.27902
-1.8323,-0.58729,-0.91548
-1.4005,-0.73452,-0.60318
0.32435,-1.3942,-1.0374
2.427,1.097,1.5698
-0.026968,-1.5265,0.035408
0.10855,-0.16495,-0.6746
1.1645,0.87656,0.53293
-0.10729,1.3096,0.2831
1.1469,1.5933,1.7861
-0.854,0.17648,-1.1169
-2.3753,-1.2775,-1.9852
2.1685,2.2687,2.3355
-0.41898,0.69585,-0.49087
1.1154,1.1376,0.97937
1.0414,1.2773,0.27804
-1.1568,-0.26262,-1.152
0.42429,-0.2208,1.4986
-1.7053,-1.7756,-1.6391
-0.12736,0.2161,0.14057
1.354,1.3296,1.5677
0.0047617,-1.1571,0
0.83843,-0.043111,0.79191
0.020218,-0.70968,-0.41236
-0.51336,-0.53123,-1.0732
2.879,1.8257,0.69369
0.6068,0.034305,-0.90276
-0.67459,0.1627,-0.87584
0.45985,-0.068486,0.80606
-0.52703,-0.45488,1.4897
-0.034269,0.2234,1.6371
0.53967,0.67576,-0.20319
0.38995,0.34893,-0.03388
-0.3028,0.076451,-0.10178
1.3202,1.0387,1.0467
-0.026508,-0.56443,-0.23538
-0.45622,-1.6699,-0.84532
0.21087,-0.61181,0.87895
0.95149,0.52586,0.43664
-0.32217,1.2561,0
0.80636,0.44904,0.8675
-0.17138,0.27013,0.43099
-0.51718,-0.48169,-1.0642
0.4743,-0.20352,0.86553
-0.84167,0.18658,-0.43185
-0.65949,1.3214,0.92779
0.17598,-3.2461,2.4757
-0.075295,-0.85002,0.25705
-2.5949,-2.2195,-3.2287
0.37912,0.96609,1.1206
0.87643,1.1489,1.2701
-0.24444,-1.52,1.1263
-0.097679,-0.12405,2.3404
1.3693,0.81226,9.0781
0.37058,0.93639,-1.3219
-0.64844,-0.59408,2.8516
1.1921,1.7374,3.4267
-2.6779,-2.1501,0.67683
0.080189,0.82369,0
-0.49671,-1.0439,-0.89445
1.1977,-0.20304,-0.875
-2.981,-1.51,-2.4748
-0.057618,-4.5774,-2.2204
-1.439,-5.6809,-2.9504
-1.0038,1.1899,-1.0431
2.8678,3.6963,3.5143
-0.70945,-1.7537,-1.55
-1.33,0.15457,-0.50231
0.52167,1.1421,0.97278
-1.7614,-2.4831,-0.38211
0.44762,1.1671,1.8092
-1.6055,-1.1671,-1.0173
1.6749,1.7744,-0.35116
-2.3513,-2.0193,-3.3993
1.482,1.8076,0.27261
2.816,3.3526,1.9174
0.047636,0.12103,-0.32695
0.77402,-2.1818,0.029789
-0.59047,0.61615,-2.0446
-0.65617,0.75307,-0.45667
1.5076,1.4247,4.1249
1.4925,1.4138,1.1645
-0.17795,-0.7687,-0.057895
0.74819,0.4857,0.66385
-2.5596,-2.2184,-1.917
0.60319,1.3738,1.0792
0.12236,-0.26771,2.1525
-1.3842,-2.253,0.25525
-1.5135,-1.1793,-2.6401
0.62602,1.6885,1.0126
-0.13618,0.77772,0.1438
0.48882,1.5742,2.0766
1.6532,2.0102,1.5088
0.80446,0.53886,1.4318
0.080831,-0.080669,0.081963
-1.4385,-1.7725,-1.7636
0.15026,0.44607,0.41616
-0.68752,-1.8242,-1.4501
-1.4543,-3.2053,-1.0731
0,0.2004,0.42497
-2.4858,-3.6601,-2.8389
0.32181,-1.0737,0.66674
-1.8523,-2.4895,-3.4091
1.3532,0.73505,2.9167
0.79167,1.6244,-0.3199
-1.3689,-2.2775,-1.2309
1.0812,5.2455,1.4056
-2.5241,-1.0744,-1.1405
-0.56279,-0.19658,-2.2908
-2.9524,-0.52288,-0.36177
-0.60638,2.2495,-0.30251
-1.1147,-2.1309,-3.2325
2.1216,4.7085,-0.093897
1.0012,0.76056,4.0509
-1.5999,-2.2609,-0.93671
1.7396,0.43917,-0.67011
0.61409,1.0612,-0.36742
-0.47754,-0.42501,-1.2346
1.6633,1.3725,1.2346
1.2163,1.8225,-6.8227
-1.0518,-1.0598,-0.85753
-3.2518,-2.7332,-3.7804
-0.76528,-0.98938,-1.9101
0.78548,-1.2141,-1.4125
-0.42126,0.90466,1.5526
0.58717,1.7946,-1.233
0.72396,1.3134,0.45975
1.3512,1.7586,2.1642
-1.3512,-2.1347,-1.6011
0.08374,0.028257,-0.28111
-0.089668,-1.0987,-0.49575
0.83063,2.6781,0.1773
-1.2951,-0.85667,-0.42611
0.78497,1.0604,-1.506
1.3718,1.8428,0.57637
0.68941,3.8319,1.9211
-0.091987,1.8021,-0.42375
-0.89821,-1.0531,-1.1746
-2.7463,-1.2048,-2.6485
0.053341,0.32447,-0.77505
-0.34536,1.2873,2.1987
0.52247,-0.27691,1.9028
-2.226,-2.5187,-1.9753
-0.84459,1.2541,1.0823
-1.5584,0.061427,0.64376
3.6457,2.1519,4.2916
-0.90363,0.49667,-2.245
0.51138,-0.99579,-0.034911
-2.1002,-0.58836,-2.3331
-0.89991,0.2773,1.2087
4.1535,2.445,3.8813
-2.4587,-1.2492,-2.7569
2.3662,1.1816,1.9378
1.5205,0.61506,-0.03427
0.23012,-0.91975,-0.1029
-0.88044,-0.90257,-2.0105
-1.1527,-1.1961,-1.8019
-0.7982,-0.82578,-0.50036
0.56711,0.4963,1.67
3.5267,1.1657,3.8706
-0.19359,-1.4527,-1.1593
0.13008,1.0484,-0.55021
0.079568,-0.22434,0.55021
0.15604,0.474,0
-0.51131,-0.034396,-1.416
-0.8125,0.4291,0.48577
0.44641,1.7067,0.75862
-2.0585,-2.3683,-2.8927
-0.33895,1.0974,-0.78101
0.45893,-0.093843,0.67483
2.2438,2.7775,2.4477
0.062272,2.1434,0.92827
1.7976,1.0668,2.6344
-0.15547,-0.040195,1.3903
-0.88493,-0.54839,-0.56041
0.28957,-0.056596,3.8903
0.64216,0.47622,1.1067
0.64737,-0.8978,-6.3952
-0.10522,-1.1358,-2.8564
-0.38963,0.94868,-1.2147
-0.38537,-1.7656,-0.41991
1.6995,2.3824,3.0389
0.32304,-0.34848,-0.54572
-0.45439,-0.93798,-0.5487
0.76228,0.64528,2.1097
-1.828,1.477,-1.6636
0.36628,0.62635,0.2052
-0.67482,-0.69081,0.40915
1.096,0.94664,2.0209
-0.038475,1.0643,-0.33524
0.39976,0.73988,0.50244
1.0529,0.73443,1.7225
0.12496,-0.49944,-1.5222
0.089764,-1.046,-1.783
-0.93169,-1.041,-2.4048
-1.6184,-1.2541,-1.7892
0.2614,0.86985,0.77575
-1.3298,-0.40178,-1.4862
0.68229,2.4811,1.3808
0.39551,1.7286,-0.91843
0.53208,0.13117,0.46027
0.1515,-0.21614,0.035335
-1.056,-1.6122,-1.8532
-0.58046,0.37621,-1.7783
-0.032675,-0.22711,0.8387
1.9309,0.71869,2.7222
-3.1376,-2.7862,-2.9039
0.079337,0.73363,0.79709
-0.2441,0.063535,0.6475
-1.7039,-2.1591,-2.7997
0.32743,0.48564,4.0468
1.4934,1.8401,2.8967
0.0080867,0.44291,-0.48279
-0.67944,-1.2787,-0.45036
-0.97593,-0.75424,-1.1876
0.37453,0.69024,1.6379
-1.8717,-1.8405,-2.4494
0.0053071,0.58492,-0.92529
-0.28188,0,-0.86177
0.58264,0.90308,2.2112
-2.9805,-2.8084,-2.1392
-0.37244,-0.89558,-0.43338
0.12664,-1.2742,-0.4352
0.38286,0.62237,-2.3539
-1.8371,-0.14265,-3.754
0.10933,0.36874,0.38566
-0.84208,1.6263,0.19228
1.6936,1.9399,-0.69391
-2.304,-2.8494,-2.4277
0.69654,2.2827,0.8682
-1.1152,-0.86425,-0.78896
-0.90689,-0.47611,-0.39685
-1.0961,1.3566,3.8991
2.4755,2.1996,4.1571
1.1941,0.45951,0.94924
0.028569,2.6287,-6.2216
-0.053958,-0.95145,-0.85435
1.3402,1.0361,0.62207
0.40559,-0.36992,2.4125
-2.3396,0.36992,-3.8177
0.41588,-1.1372,2.7909
-1.8772,-1.7898,-2.5553
2.3087,1.1106,2.364
1.6535,0.93561,0.45853
-1.3231,-0.68527,-1.9635
-0.5594,-1.0525,-1.0946
-0.90065,0.72382,-0.63091
2.8314,1.0217,3.6127
0.33487,0.61353,3.0437
-1.8096,-0.085207,1.3601
2.3612,-0.18614,2.6659
0.69187,-1.7306,-0.821
-1.2124,-1.096,0.78544
-0.29199,0.46215,-0.74961
0.55066,0.90211,0
0.40676,-0.45796,-0.35892
-1.5213,-1.4107,-0.43245
-0.93586,-1.6427,-0.94717
0.61782,-0.040838,-0.10986
0.24919,0.39105,-0.40391
1.1269,1.565,2.3993
-1.9821,-1.6708,-0.64867
0.36796,-0.29343,-1.42
0.7951,0.71579,1.0578
1.4731,0.96792,1.3694
-1.3819,-2.3143,-2.3539
-0.41009,-2.7652,-0.69866
-0.20372,-0.059148,-0.74079
-3.0379,-2.863,-2.0658
0.4421,-0.58433,-2.6924
2.0303,2.5561,1.8158
-3.4734,-1.9369,-0.076578
0.61306,2.5743,1.2942
1.3712,0.97793,3.3473
0.21193,-0.19314,1.0189
-4.8283,-3.2288,-2.9392
1.7372,0.74383,-3.1436
-4.8288,-4.0266,-5.6185
4.2429,3.222,2.7696
3.9467,3.1887,-0.39671
-3.8987,-2.2463,0.94939
-1.5756,-0.7341,0.15734
-0.19797,0.94901,1.0947
1.9466,3.086,3.4018
0.33767,-0.57611,2.9256
-9.219,-4.2421,-9.1267
5.2758,2.1606,6.5013
-0.45543,-6.017,-0.78994
-4.1125,-5.018,-0.87237
-1.3599,-1.249,0.26633
-3.9279,-2.7641,-5.506
-5.9108,-5.0655,-6.9825
-1.1397,-5.4793,-0.95158
-7.9224,-1.7266,-3.1342
-1.1829,-1.4144,-3.6534
10.957,4.9577,17.063
-0.53363,1.4962,-5.6467
-9.4695,-5.8404,-6.1611
4.1629,3.5931,6.5338
-0.62322,-0.81185,-1.0806
4.6583,1.8878,3.248
-3.1284,-4.0255,-5.6587
-6.2953,-6.1018,-8.1578
1.2555,0.8931,3.6036
-3.5121,-2.7402,-1.6261
-3.228,-2.9804,-3.6165
10.246,9.1353,8.6775
-1.1141,1.0485,-0.43389
2.5477,2.784,-1.6218
1.5249,2.483,-1.3345
-0.25322,-0.3124,1.2903
4.0014,0.77389,3.9442
-5.4115,-3.7749,-6.3604
-5.1571,-4.9153,-5.5881
2.8446,1.3067,2.9262
-1.2734,-2.8214,-0.93462
-2.2287,-1.3564,-0.47056
-5.3289,-3.6932,-4.3381
6.6923,5.4543,4.5736
-4.2593,-4.7171,-5.7629
-2.6149,-3.6123,-3.7586
0.97903,3.3006,2.216
-6.3105,-5.2687,-7.0195
-6.9482,-5.729,-4.2441
6.1328,4.2838,11.569
6.2714,6.4764,5.0048
0.65294,0.94679,-3.4418
3.4718,1.2568,2.4704
0.95969,-0.085764,-1.3264
-9.3537,-5.9323,-8.2973
3.9164,3.7519,2.8604
2.5508,1.0342,3.6908
-2.9746,-4.0864,-3.8999
3.5849,3.9871,3.8999
3.7669,5.1629,5.5788
-2.3389,-2.5904,-1.9708
1.1824,0.20539,0.048518
-2.8939,-2.7902,-5.7929
0.70038,1.9905,-0.46382
-1.2767,0.69105,-1.6667
5.0085,4.2921,5.4675
-0.96392,-0.65021,-2.2631
-2.139,-2.1668,-1.8481
0.29326,-0.57309,-0.93701
-1.8472,-1.8489,0.31331
-0.9765,-1.7099,0.52003
0.57645,-0.099284,-0.5722
0.53419,1.001,-0.20889
-0.38801,-0.098423,-0.89262
2.4114,2.7915,1.9844
1.4059,0.72741,0.5157
3.1119,3.7432,4.4765
-0.46793,-0.6315,0.93019
0.77867,2.738,1.1628
-3.0469,-1.627,-6.2101
0.33913,-0.69722,3.0787
-2.1533,-2.886,-3.0275
-2.2823,1.1854,-0.25645
0.17565,-0.43264,1.7817
-3.4032,-2.5516,-3.7527
0.13283,1.1117,0.78271
0.75331,0.94652,2.4134
-5.4262,-3.5234,-6.4437
4.2572,10.899,4.7553
-1.5278,-1.4878,-12.458
0.53633,-0.64599,0.52463
0.55379,2.3304,2.4692
1.0866,0.0655,0.17003
3.3007,3.3894,2.1289
-3.3681,-2.4664,-2.5261
-2.3053,-0.93399,-2.8252
-0.053291,-0.78867,4.1804
1.571,2.7657,3.6888
-0.75177,-0.69772,0.70025
1.6233,-0.45351,2.1769
2.6541,4.4996,3.2044
0.14841,0.70483,-1.1253
-5.0369,-3.7355,-3.3476
0.79235,2.0062,2.1574
0.17377,-0.094626,0.25997
-1.0048,-1.3022,-0.88659
-4.6629,-3.4365,-4.6972
-0.095082,0.92217,0.16569
-1.2097,-2.8599,-1.1657
-1.1479,-0.15754,0.50124
-3.5315,-5.1063,-4.4881
3.932,2.3776,-0.23272
-1.0715,-0.58039,-1.2306
-1.5906,3.5116,-3.2358
-2.3846,3.3816,-1.658
-4.7742,-3.2917,-2.2543
-0.64274,-1.4478,0.56836
2.3475,1.9407,1.5
-4.3463,-2.2717,-5.4171
0.12153,-1.9275,0.065438
-1.0074,-2.7528,-0.8544
6.1719,4.417,8.4147
0.24428,1.558,3.7516
3.9921,1.9887,-0.58618
0.77092,-0.04427,-2.1391
-0.35221,0.94725,-2.4317
3.1634,1.8357,3.922
2.0643,-1.0386,0.35445
-1.3064,0.76919,1.0557
-1.9967,-0.162,-0.46781
6.8366,6.4869,7.1802
-2.0626,-0.4162,-2.2064
0.95803,-0.35672,-0.27923
2.3053,0.84382,5.1769
-2.0525,-4.8006,-3.7884
-3.5439,0.39226,-3.6511
1.3044,2.4765,4.9662
1.6421,0.74036,4.9904
2.8322,3.2357,-0.10359
0.96847,1.3791,-2.8393
-0.83673,-0.64783,0.053343
-2.4144,-2.8058,0
1.1715,2.4409,2.2662
3.7347,0.50272,2.4705
0.25302,-1.7357,-0.40755
-2.0269,-0.68266,-1.2327
1.2471,-0.42396,-2.7241
1.5419,2.5765,4.8208
0.49571,-0.15788,-2.8749
-4.3732,-0.83291,-3.1211
2.1029,1.8546,1.9159
-0.77113,0.23428,-1.0066
0.98734,-1.108,0.74272
1.6658,-1.33,10.001
-1.0118,-0.13,-2.4693
-0.27443,1.9714,-2.3309
2.138,2.0391,1.5929
-0.095052,-0.80096,0.049374
0.53819,1.3474,-0.098765
3.3307,1.4991,-0.24729
-0.37989,-0.3207,-2.0011
1.7255,-0.64784,0
-1.329,-1.9595,-2.4036
2.3784,-1.078,0.51631
-2.1747,1.3797,-0.51631
-0.097933,1.0056,2.9076
-2.7263,-1.6295,-0.70633
1.0298,-1.1903,1.5574
-1.1476,0.31619,0.79445
2.9937,3.1175,1.8619
-0.17383,0.88535,-0.78469
-0.51447,-1.3934,0.34406
-1.69,-1.1891,-2.7863
-0.14983,-0.90864,-0.35377
2.5962,3.0257,2.9436
-1.9153,-2.0102,-1.0378
1.5301,1.6954,1.5771
1.3483,1.5074,2.1288
2.549,1.9474,2.412
0.19813,-1.4312,0
-1.3834,-0.31877,1.5303
1.1418,-0.1504,0.45915
-0.25179,0.8522,1.4101
-0.10111,0.23283,-0.40735
0.34971,0.6029,0.13601
-0.34864,0.19401,2.1063
0.60933,0.96442,1.234
0.1396,-1.0937,2.1665
-2.4056,-0.54674,0.38504
-1.2802,-0.27915,0.12802
-0.13825,-0.29861,0.97601
0.83758,-0.62817,-0.76303
0.31094,-0.41465,2.3966
-3.1078,-1.3023,-3.3371
0.23041,-0.076551,0.25735
0.65032,-0.27806,0.55547
2.1218,1.8173,1.3542
-0.14789,-0.35894,-1.8668
0.90243,0.14186,2.1607
-0.85674,-1.3413,-0.37789
0.43524,0.4014,1.1294
-2.9578,-3.0113,-2.8266
0.25625,-0.07867,-0.73011
-1.988,-1.4467,-2.9304
-0.16699,0.4879,0.13308
0.35409,1.381,-0.53337
-0.40299,-1.2321,-0.22305
2.4628,2.7294,3.683
0.5302,-0.35771,-0.51792
2.9199,3.773,4.2776
0.86046,3.1399,1.318
-0.038273,4.2296,-0.61563
1.1367,0.87988,0.98323
0.36207,0.51393,1.2156
-0.053442,-1.2639,-0.12093
2.3023,1.281,3.0185
0.30375,0.49425,-8.6158
0.29774,-0.008504,-1.4605
-0.26098,-0.29798,1.5458
-0.45734,-0.017069,1.3963
1.1825,0.5104,0.042008
0.073951,0.059387,-1.2254
1.5226,1.6733,1.3094
0.30076,-0.2672,-0.25207
-0.29178,-0.94931,0.1681
-0.56405,-0.45898,-1.4809
1.335,1.6476,0.42534
-0.33506,-0.52933,-0.59598
-1.2741,-0.7696,-1.246
1.1459,1.2654,1.7146
0.68564,0.24278,0.38177
-0.85679,-0.84819,0.2959
-2.456,-1.4527,-1.8748
1.0095,0.65673,1.9701
0.68375,0.79596,0.29642
1.0889,0.31998,0.084551
1.8451,0.79546,3.0784
-0.054595,-0.4849,0.93782
0.23667,-0.41149,0
0.011672,0.53711,-0.36594
0.27779,-0.033447,0.56865
-0.19903,-1.0183,-0.040495
-0.81092,-0.14391,-0.12161
-2.2372,-1.1587,-2.6723
-0.33019,-0.5155,-0.58504
0.84986,0.20652,1.0423
1.3032,0.96665,2.0933
0.8806,-0.25573,0.80905
0.77523,-0.34197,-0.1613
1.0368,0.77634,0.88389
-0.13513,0.32242,-0.56157
0.63191,0.70063,0.56157
0.31304,0.39461,0.79684
1.5207,2.0484,0
-0.30643,0.049223,0.39604
0.26339,0.18854,-0.15824
-0.34131,-0.44322,0.15824
0.65533,0.032904,1.8406
-1.012,-0.65172,-0.2331
-0.95565,0.099269,0.89063
-0.61094,0.11568,-1.5149
1.7653,-1.4559,1.0899
-0.22321,-0.43672,-0.31019
-0.33339,0.67109,-0.11656
-2.6097,-1.44,-3.3205
-0.45157,0.94549,0.32103
1.4765,0.61147,-1.2904
1.3612,1.3273,1.8895
0.27079,1.1715,-0.039827
0.74421,-0.3999,2.2455
0.56248,2.9331,-0.46857
0.43768,0.87758,0.66318
-0.27915,-0.015751,0.34931
1.7394,1.0416,0.57948
0.41489,-0.28869,2.8481
-0.8131,-5.0808,-0.78931
0.93614,1.1606,-0.52968
-0.62586,-0.19521,0.037915
-0.88932,-1.6004,0.79321
1.0587,1.4945,0.03761
-1.2253,-1.9173,5.2383
-1.1787,-0.20793,2.3281
-0.33233,0.44858,-0.31428
-1.9734,0.70204,-2.0139
2.227,1.1213,0.71122
-2.8466,-1.8565,-1.7516
0.64357,-0.041459,0.53946
0.24231,0.49647,-1.2633
0.10421,0.10721,1.9069
1.9053,1.4813,1.4506
0.25001,0.76411,0.17547
2.1995,2.0122,1.6345
-0.0063992,0.71961,0.068986
0.50194,0.22039,0.37845
-1.0312,-0.73388,0.82079
0.57229,0.608,0.91542
1.4364,0.92464,-0.30422
0.091898,0.32704,1.9863
-0.046835,-0.37387,0.36598
-1.3517,-0.47714,-1.102
-0.32201,-0.4558,-0.53874
1.3524,0.97195,1.0746
-0.053345,-0.21083,-0.10027
0.4494,-0.50939,-0.40201
-1.7384,-1.2491,-1.9319
0.37858,0.51576,0.64812
1.2003,1.2506,2.0196
0.034264,-0.57222,-0.76935
-0.84376,0.26691,0.16775
0.54943,-0.23548,0.50159
-0.24714,-0.16514,-0.63578
-1.0304,-0.18909,-0.74122
0.36656,1.2461,0.47231
0.58227,0.73721,0.53712
0.36763,0.26254,-0.06699
0.69353,0.19259,0.86724
-0.55624,-1.1145,-0.29934
0.11276,0.17105,0.26614
-1.1881,-1.023,-1.6751
0.5813,0.39954,2.5351
1.0449,0.57683,0.52566
0.35572,0.99005,0.97814
0.2296,0.053876,0.32395
0.52424,0.43748,0.2584
0.11534,1.3238,0.54689
-0.1402,-0.34825,0.70334
0.019541,0.54457,-1.3793
-1.01,-1.2677,-1.5625
1.5916,1.1771,1.5302
0.31108,-1.2153,0.032302
0.054537,-0.65173,-0.61559
0.39932,-0.34673,-1.0454
0.28776,0.99846,0.6873
0.17452,-1.0525,-1.2802
-0.94254,0.79233,-0.66291
0.82915,-0.21478,0.92685
0.24235,1.5845,1.9899
-1.0882,-0.40137,-0.32351
1.2422,1.775,0.77467
-1.0654,-2.9428,-1.6535
-1.9127,-0.96434,-1.9142
-2.239,-2.7507,-3.5615
0.45876,0.49282,1.2354
-0.42121,-0.29378,0.61204
0.48683,0.46016,0.57464
-1.1888,-2.0634,-1.7339
-0.98778,-1.1051,-3.4185
1.4165,1.8458,0.81283
1.289,0.68746,0.17586
-0.54894,0.10353,0.59555
-3.1636,-2.1396,-2.7981
0.28929,0.42189,0.64448
-0.89028,-0.89035,-1.0765
1.2956,1.0853,1.0408
-0.22351,-0.32519,-0.071432
0.96339,0.74632,0.46338
-0.27484,0.218,-0.67796
1.7841,0.98705,1.9591
0.4229,0.87454,0.84298
0.65632,1.1647,1.3204
0.21842,-0.48626,-0.69279
-0.10464,-0.26767,-0.13912
-1.2177,-0.30795,-1.4021
0.96735,0.88962,1.0534
-0.20832,-0.40838,-0.1048
0.14044,0.070802,0.24445
1.0107,1.1027,1.2134
0.23277,-0.89848,-1.9486
0.042911,-0.42467,0
0.37292,-0.12618,0.59555
1.391,0.41735,-0.13979
-0.017561,-0.66229,0.13979
0.17113,-0.68265,0.59204
0.45144,0.055732,0.58857
0.40334,1.5639,0.72226
-0.021737,0.2661,0.30797
0.045209,-0.086015,0.068289
0.7749,0.65497,0.27278
0.58048,-0.70976,0.88133
-0.03259,0.48412,-0.067506
-0.50994,-0.52324,-0.067564
0.50824,0.21118,0.033779
0.71454,1.0802,0.94149
-0.55084,-0.65142,-0.77272
-0.17056,0.5509,1.2069
0.073745,0.015467,-1.1732
0.56671,-0.51971,-0.23625
0.0042659,0.1399,0.6065
-0.32782,-0.40463,-1.6255
0.73865,0,-0.44482
0.78967,0.85405,0.37653
0.16829,-0.32525,0.17068
-0.5894,-0.34963,0.10226
0.33687,-0.67942,1.9235
0.66617,0.89711,1.394
0.17651,-0.31115,-0.065942
0.068517,0.52063,0.42783
1.1088,1.7059,1.2078
0.084218,-0.27463,0.16208
-1.6258,-0.19884,-0.65001
0.45111,1.2174,1.1992
0.8026,-1.9395,1.0256
-0.10195,-0.54121,-0.0957
0.22613,0.10846,0.19133
0.70983,0.66381,-1.3793
-0.43057,0.56764,0.48334
-2.366,-1.4718,-0.83927
0.6442,0.98875,0.19431
1.286,0.27633,0.29076
-1.6788,-1.1254,-1.495
1.3035,0.46404,1.0424
-2.4127,-1.1486,-2.394
-0.66083,-0.51645,-0.93361
-3.2888,-2.3054,-2.9579
-1.5427,-1.4796,-2.693
4.3035,3.3582,2.5548
-0.34031,0.48982,-0.20754
1.3646,4.462,1.9205
-1.222,-0.90854,-0.68168
-1.8979,-0.2208,-1.0658
0.11088,-0.57332,0.034558
-1.4298,-0.37637,-0.73157
-0.51435,-0.84231,-1.2667
-3.9756,-4.0059,-4.0837
1.4913,1.3001,-1.001
-1.2992,-0.7764,-2.1466
0.035387,0.056215,-0.76426
-0.56771,-1.0414,-4.1509
3.2347,2.532,3.8821
-1.2452,-0.89805,-0.77221
-1.7314,-0.73719,0.34827
2.5514,2.4391,2.1777
0.40432,0.43073,1.5004
-3.5017,-2.1166,-4.0652
-1.3624,-0.9222,-1.9578
1.0916,-0.33083,-0.71427
-0.59594,0.14541,-1.2826
2.908,3.0052,0.84355
0.43701,0.60128,2.6057
-0.18063,0.038917,-0.62548
2.3222,0.99886,4.1481
-0.055609,0.43057,-0.98302
0.12822,0.48214,0.18977
0.13163,-0.63573,0.2651
-0.38643,0.38346,-1.8706
-1.6201,-1.0387,-0.69604
-0.29899,0.62453,-1.8011
-1.6946,-1.4867,-1.2324
0.28553,-0.83822,-1.8979
-0.2036,1.4526,-0.90092
-3.1508,-3.0624,-4.2005
-1.0164,-1.2954,-1.2953
-0.32457,-0.73971,0.64978
-0.46733,-0.58093,0.47381
0.53447,1.3044,2.3361
3.085,2.827,1.9951
0.93687,0.76085,0.45168
0.71781,-0.0078039,-0.57522
0.073263,0.55333,2.2812
1.5262,1.3969,1.201
-0.015514,0.18375,1.2261
0.11954,0,0.27477
-2.9243,-2.0793,-2.4604
0.59641,1.3653,1.3567
1.1352,-2.528,0.98602
-1.2903,-1.0167,-1.4229
2.2264,1.741,2.8259
0.81864,0.71134,-0.11617
1.1138,0.023378,1.1173
-0.10499,0.17116,0.22961
-0.6946,-0.15557,-0.80601
-0.41673,-0.31978,0.30784
0.0063498,0.2964,-0.84878
2.1784,1.8213,1.9947
-0.48079,-0.29871,-0.64777
0.60329,0.68797,-1.6574
-0.12693,0.42569,-1.409
-0.37109,-0.79595,0.70703
0.54681,1.4191,0.23453
-0.59853,-0.12127,-2.1311
-2.8583,-1.5363,-0.84118
-0.53933,-1.1855,-1.4995
-0.40317,-0.3357,-0.36818
0.012045,-0.078231,0.40901
1.2118,0.53079,1.3855
0.14817,0.72913,0.44418
-1.708,-0.37941,-1.5429
-0.36698,-1.092,-0.86292
-0.40485,-0.81113,0.20613
-1.4619,-1.2492,-0.99337
0.32839,0.29579,0.24926
-0.77145,-2.0077,-1.1686
1.6451,1.5757,0.46072
-1.4829,-1.072,-1.2193
0.039072,-0.21905,-0.7217
2.9078,2.1214,1.8155
0.90399,-0.5821,0.16726
1.3132,2.011,1.4514
-1.1537,-1.2858,-1.3679
0.64181,0.10314,-0.12529
0.48207,0.22186,0.33377
0.48515,1.2817,-0.66866
1.1069,1.2578,5.1482
-0.071337,-0.58808,-0.3191
0.35349,0.44909,0.35893
-0.036441,0.18528,0.83249
0.082651,0.40021,-0.43522
1.5095,1.2215,0.82923
-0.25673,0.14406,-1.1072
-0.48372,0.44603,-2.1705
-0.83662,-0.68119,-0.73407
2.0973,1.8362,1.4225
-0.56836,0.40182,-0.20197
0.48387,0.17807,-0.2024
-0.25911,0.43645,-0.73201
-0.30885,-0.994,-0.040831
0.44067,1.112,-0.45015
-0.80674,-0.28793,-1.9467
2.0647,1.7662,1.8235
-0.067223,0.13063,0.32802
-0.16479,0.6364,0.40847
0.61036,0.093712,0.16294
0.014583,0.58167,0.081375
0.38115,0.13593,0.97126
0.70958,0.37114,2.0332
-0.3648,0.80178,-0.43504
0.20254,-0.31144,1.2212
0.72176,1.247,1.0903
-1.6005,-3.4184,-2.8282
1.0469,0.75065,0.83321
0.17723,0.54499,0.43365
0.23864,-0.1145,-0.15748
0.21447,0.12162,-0.75143
0.0016886,0.59178,2.7796
-0.26942,0.53885,0.57746
0.11242,-0.37547,0.87907
-0.043938,1.8981,1.4731
0.094609,-0.19514,1.0444
0.77293,0.36216,1.6195
0.36713,0.22915,-1.3231
1.9099,1.801,0.40614
0.39151,0.088537,-1.0743
-0.21232,0.12978,-0.14911
-0.80849,-0.21872,0.52086
0.43665,0.28017,-0.037128
-0.42511,-0.76719,-0.96979
-1.1879,-1.1689,-1.5487
-0.12182,-0.069619,-0.26682
-1.6338,-0.97941,-0.88717
0.021214,-0.20413,-0.93422
1.5241,1.6835,1.0504
0.25372,0.47688,-0.58216
-0.15766,0.23411,0.15556
-1.4387,-1.5317,-2.3993
1.4813,1.8202,0.99031
-0.74966,-1.3186,-0.47415
-0.13798,-0.70432,0.23736
-0.60887,-1.0058,-0.19777
2.1387,2.0639,3.0412
1.2737,0.53177,3.2121
0.25999,0.13766,0.48228
-0.12991,-0.2686,-0.66839
0.051495,-0.67125,0.11171
0.36949,0.66431,1.3309
0.38354,-0.4701,-0.55239
0.59837,0.35971,0.95553
0.004832,-0.3736,-0.32971
0.091054,1.0617,1.3487
-0.51356,-0.75722,0.82929
0.6166,-0.11754,0.50141
0.083645,0.31082,-0.32205
0.25451,-0.33848,-0.32311
0.6012,0.84752,0.93057
0.33739,0.144,0.42662
-0.16457,-0.041086,0.38945
0.061251,-0.37775,-0.81606
0.077103,0.25428,-0.21398
0.10086,0.55431,-0.14291
-0.15094,0.10237,-0.42994
-0.019081,0.061307,0.21519
1.1251,0.4894,0.25049
-0.13139,0.10845,0.39238
0.49947,-0.40043,-0.3209
-0.21252,1.0889,2.8865
-0.18465,-0.49226,-0.76626
-0.13773,-0.19623,-1.3376
0.37182,-0.24414,-0.39056
0.89673,1.2282,1.5531
-0.17122,-0.18795,-1.2689
0.73574,0.7898,0.38945
0.13755,0.43234,1.264
-1.0167,3.2908,-0.66514
-0.12958,0.070647,-0.42238
0.24106,-0.19275,-1.1708
0.58193,2.6213,1.2766
0.026343,1.1275,0.24636
0.4212,-0.24808,1.1533
0.22418,0.018659,0.31224
-1.8014,-1.1615,-3.9567
0.76333,1.7372,-0.072106
1.6556,0.95833,0.93323
-0.27262,-0.15907,-0.17879
0.23514,0.14075,-1.0434
0.28801,0.287,0.43308
0.62208,0.49874,1.5365
0.4176,1.1387,0.28331
-0.27897,-0.84668,-1.1022
0.074921,-0.34076,-1.6946
0.54923,-0.14635,-0.91325
0.23821,-0.38521,-0.073425
-0.32402,-0.23308,-0.40721
0.62379,0.34329,0.22235
0.3071,0.51275,0.70071
0.19229,0.36467,-0.55277
-2.0742,-1.7688,-1.7522
-0.61307,-1.099,0
-0.099487,0.3677,0.67466
1.0495,0.93481,-0.82521
0.55457,-0.24677,0.11296
-1.5865,-1.1869,-1.5928
0.16139,0.1187,-0.30628
1.7072,2.0517,0.45906
-0.74054,-1.0145,-0.95876
-0.83762,-1.181,-0.89027
0.88832,1.4587,0.73599
-0.13626,2.1821,-0.077226
-1.9051,-2.3424,-1.8714
0.70556,0.25271,1.057
-0.60677,-0.64233,0.038924
-1.1264,-1.4794,-1.1746
-1.9687,-3.8592,-2.3915
1.3309,0.76828,-0.040381
0.43009,1.103,0.080698
1.4875,1.1417,2.1146
-0.35569,0.20274,-0.1185
0.29097,0.96374,0.94416
0.92974,0.3192,1.0516
0.31562,1.3283,-0.73884
-0.27516,-0.50068,-0.82306
0.70352,0.9314,0.31433
0.66625,0.44106,0.46966
-0.18312,-0.32449,-0.86276
0.49507,0.73319,0.35387
0.034515,-0.012167,0.27433
-0.018007,-0.15842,0.89617
0.21813,0.030457,1.425
-0.15212,0.20705,0.19104
-0.40125,-0.20094,-0.49741
-0.27973,-0.060964,-0.34583
-0.78071,-0.42786,-1.3173
0.019022,0.42786,-0.039019
0.0083674,0.62021,-0.82272
0.39177,0.74885,-0.19688
-1.1079,-0.16258,-1.1496
0.57148,-0.32595,0.27872
1.3424,-0.39378,2.3965
0.52629,2.12,-0.93605
-0.15939,-0.36314,0.35203
0.89395,0.48791,2.2395
0.62304,1.1096,0.72286
0.35491,0.24034,1.2432
0.2298,-0.11717,-3.0023
-0.17542,0.9162,-1.0081
-0.3385,0.41735,0.58286
-0.68789,-1.3101,0.96396
-0.91112,-1.274,-1.0415
0.38126,0.7011,0.30975
0.45339,0.12428,-0.15477
0.80416,0.75411,-0.62135
-1.1174,-0.51785,-1.215
0.48835,1.6036,-0.15784
-0.81,-1.3561,-1.152
-0.62237,-0.62576,-1.8549
-0.036863,0.96652,0.44966
0.87653,-0.035197,0.69089
0.21756,0.087949,0.12142
-0.7718,-0.25238,-0.93477
-1.1997,-1.1229,-1.3153
-0.082772,-0.16059,-0.082778
0.31781,-0.14295,0.1655
0.39453,-0.34038,1.9648
0.40726,0.19121,0.36419
1.0537,0.85013,1.0046
-2.3048,-1.4129,-2.3464
-0.12256,-0.28258,-0.86331
-0.97815,-0.62813,-1.2882
-1.0819,-0.18194,0.41735
-0.095687,-0.64544,0.20804
-0.41957,0.39629,-0.49999
0.73504,0.30378,0.083504
-1.4078,-1.0121,-1.0489
0.066853,-0.006136,1.3822
1.2533,0.58052,0.74599
-1.7586,-1.0966,-2.0017
0.17528,0.20922,1.0892
0.30404,1.0822,1.0775
0.53807,0.35206,0.86187
1.3334,0.72458,1.1782
-0.64895,-0.32544,-0.44527
-0.2832,0.26526,-0.081156
-1.1795,-0.63407,-1.3489
0.91425,1.533,3.6368
1.2861,1.4158,2.353
0.82486,0.31124,-0.70011
1.0068,0.59055,1.4723
1.4307,1.7279,0.076909
-0.13371,0.50864,0.038409
0.10011,1.2913,1.1459
1.04,-0.69455,1.6573
-0.69855,0.0056732,0.55876
-1.8256,-0.85351,-1.0831
-0.44434,-0.53864,-0.33851
0.3101,0.15501,0.33851
-0.67388,-0.051664,-0.60265
0.55391,0.74908,1.1643
-0.81631,-0.14822,-0.71202
1.6177,5.5105,3.5104
-0.067106,-0.84582,-1.7583
1.3455,0.67833,0.14772
0.090744,0.1513,1.5742
-0.5659,-0.80243,1.3709
-0.41134,-0.42005,0.60724
-2.0518,-0.86746,-2.7073
-0.32392,0.24785,1.4169
-0.64714,0.027503,-1.1611
-0.41409,-0.60674,-0.4756
-2.5889,-1.5051,-1.7385
0.50031,0.43716,0.44674
-4.9002,-4.1969,-3.7083
-0.057508,0.87093,-1.0074
-6.8958,-3.5519,-4.7856
4.6317,2.6068,4.3954
-4.5157,-4.8456,-5.5458
4.5251,2.5452,4.0094
0.52479,0.87777,-0.35793
2.1551,2.808,1.6203
-0.97863,-1.0167,0
0.094694,0.14005,-0.39525
-4.5619,-4.5637,-2.3238
-1.5123,-3.915,-2.5453
0.025801,0.9099,-0.29148
3.371,3.3037,3.0392
1.3035,1.474,0.7255
-1.5688,-0.71011,-1.3342
1.5008,2.1272,2.73
2.7888,2.0366,2.3098
0.23443,-0.063769,1.498
0.49099,-0.34836,1.4007
-1.1942,-0.92335,-1.477
-2.5607,-1.9864,-1.5767
-0.74641,-1.1262,-1.1304
2.8244,1.3237,1.9026
-1.0669,-1.2389,0.84257
-2.7069,-2.376,-1.8476
0.69416,0.6486,0.58108
0.90787,0.61994,0.57771
1.339,2.3045,1.7511
1.7041,1.6898,1.8322
0.56905,1.6906,0.48052
-0.98509,0.080942,0.33134
-0.16624,0.91418,-0.84891
-2.9831,-0.97774,-3.7384
-3.2402,-2.576,-3.6439
0.60636,0.4261,0
2.3068,3.0073,1.505
1.0632,1.8171,0.90004
-2.0908,-0.090094,-0.35122
0.80815,0.90829,-0.50951
-2.5291,-2.4293,-2.225
-2.8864,-0.90759,-1.4569
2.2239,0.83326,3.2487
1.7708,1.2003,2.1473
1.8138,2.7,1.7232
-0.81968,0.38457,-0.34229
3.3556,2.2927,2.5947
0.054386,-0.87187,0.22247
0.9747,0.6036,-0.14827
-0.29781,0.37538,0.81271
1.7231,1.9664,0.33057
-1.956,-2.0896,-1.0691
2.0213,-4.2087,1.2157
-1.273,-0.84761,-0.66128
0.45438,-0.078946,-0.33228
1.8634,2.4411,0.44279
1.2791,0.34075,0.11041
-2.0248,-1.0425,-1.4074
1.0481,0.88871,-0.82399
3.3717,2.126,2.4518
0.038915,0.8411,-0.99577
-2.5049,-1.5158,-1.3057
-2.834,-1.7925,-2.4326
1.5976,1.4072,0.076927
1.8608,1.8211,1.9795
-0.62998,-0.49238,-1.061
0.6276,0.50307,2.0736
1.1667,0.36379,1.3343
-3.7385,-2.712,-3.5986
0.85872,0.60725,0.30486
1.9293,2.1742,2.369
-0.9596,-0.016024,-0.55897
0.48056,0.74448,0.67543
-1.6756,-1.1349,-2.5375
-1.6943,-0.47803,-2.054
-0.039476,-0.26418,-0.94413
-1.8825,-2.0507,-1.1929
-0.41494,-0.093737,-0.84357
-2.2343,-1.8706,-1.2993
-0.26891,-0.50138,-0.69713
2.8821,2.8671,2.3186
0.22112,-0.69943,-0.12071
4.2403,3.8276,2.9356
-0.19105,0.76834,-1.1797
-0.024102,0.11079,-0.23764
1.0234,0.62024,1.8854
0.11051,1.0944,-0.15574
0.20163,0.57368,-0.23412
-2.1368,-1.2811,-0.78435
1.6742,1.5435,1.1742
-1.5026,-1.2308,-0.74203
-0.8724,-0.5374,0.97522
-1.1413,-1.2794,-0.66211
0.32379,-0.65922,-0.11733
0.3211,-2.1076,1.7068
-1.1802,-0.37113,-1.8242
2.9389,2.3506,1.9395
0.19476,-3.1301,-1.0427
0.82316,0.31362,0.1939
0.89945,1.4777,0.84878
0.0079105,0.10819,0.038408
-1.2557,-0.52038,-0.84845
1.065,1.1832,0.77161
-0.43006,-1.2431,-0.23086
